gid,role,role_score,cluster_id,evidence,priority_score
100000003684369100,coordinator,0.75,65,"Признаки координации: 24 вх./62 исх., betweenness=0.002 (топ по посредничеству среди узлов со смешанной активностью). Входит в короткий возвратный цикл переводов (≤4 шага).",0.6524925695338842
100000003037660100,peripheral,0.4,65,"Низкая активность: 1 входящих, 0 исходящих связей.",0.05651454525863326
100000001527186100,peripheral,0.4,65,"Низкая активность: 1 входящих, 0 исходящих связей.",0.06277638682268769
100000008680731100,distributor,0.9,2,Признаки распределения: 27 получателей против 0 входящих (выход в 27.0× больше входа).,0.380051337704171
100000008229700100,peripheral,0.4,2,"Низкая активность: 1 входящих, 1 исходящих связей.",0.05787579855528876
100000001072022100,peripheral,0.4,65,"Низкая активность: 3 входящих, 0 исходящих связей.",0.07020934655423382
100000002527114100,distributor,0.75,43,Признаки распределения: 111 получателей против 3 входящих (выход в 37.0× больше входа). Входит в короткий возвратный цикл переводов (≤4 шага).,0.5559577855061785
100000008768896100,peripheral,0.4,43,"Низкая активность: 1 входящих, 0 исходящих связей.",0.05647775968786985
100000005432267100,peripheral,0.4,65,"Низкая активность: 2 входящих, 0 исходящих связей.",0.06051868571382428
100000008755361100,peripheral,0.4,43,"Низкая активность: 1 входящих, 0 исходящих связей.",0.05613715213039144
100000007747786100,distributor,0.9,10,Признаки распределения: 31 получателей против 0 входящих (выход в 31.0× больше входа).,0.38683099872112015
100000004159526100,coordinator,0.75,19,"Признаки координации: 4 вх./4 исх., betweenness=0.000 (топ по посредничеству среди узлов со смешанной активностью). Входит в короткий возвратный цикл переводов (≤4 шага).",0.4373396997774797
100000003970394100,peripheral,0.4,2,"Низкая активность: 1 входящих, 0 исходящих связей.",0.05668935199881819
100000004254434100,peripheral,0.4,43,"Низкая активность: 1 входящих, 0 исходящих связей.",0.0564502972649424
100000007982728100,distributor,0.9,34,Признаки распределения: 8 получателей против 0 входящих (выход в 8.0× больше входа).,0.3478479478736625
100000003977183100,peripheral,0.4,34,"Низкая активность: 2 входящих, 4 исходящих связей. Входит в короткий возвратный цикл переводов (≤4 шага).",0.06677195464443522
100000003016635100,distributor,0.75,21,Признаки распределения: 73 получателей против 8 входящих (выход в 9.1× больше входа). Входит в короткий возвратный цикл переводов (≤4 шага).,0.5971523724407948
100000000440392100,peripheral,0.4,21,"Низкая активность: 1 входящих, 0 исходящих связей.",0.0565522052828923
100000008744849100,peripheral,0.4,43,"Низкая активность: 1 входящих, 0 исходящих связей.",0.0564502972649424
100000000343175100,distributor,0.75,0,Признаки распределения: 31 получателей против 8 входящих (выход в 3.9× больше входа).,0.43397875538020997
100000002774456100,peripheral,0.4,0,"Низкая активность: 1 входящих, 0 исходящих связей.",0.05636574114219604
100000001732159100,peripheral,0.4,6,"Низкая активность: 2 входящих, 4 исходящих связей. Входит в короткий возвратный цикл переводов (≤4 шага).",0.1051870004942269
100000008232832100,peripheral,0.4,6,"Низкая активность: 1 входящих, 1 исходящих связей.",0.06811877559950553
100000003200071100,peripheral,0.4,1,"Низкая активность: 0 входящих, 1 исходящих связей.",0.05598354109400144
100000003980083100,peripheral,0.4,1,"Низкая активность: 1 входящих, 0 исходящих связей.",0.06814303546708397
100000006866783100,distributor,0.75,32,Признаки распределения: 67 получателей против 13 входящих (выход в 5.2× больше входа). Входит в короткий возвратный цикл переводов (≤4 шага).,0.5664528871645164
100000007055802100,consolidator,0.9,32,"Признаки консолидации: получает от 6 плательщиков, отдаёт 1 (вход в 6.0× больше выхода). Входит в короткий возвратный цикл переводов (≤4 шага).",0.4710512178502526
100000000661912100,consolidator,0.9,32,"Признаки консолидации: получает от 5 плательщиков, отдаёт 2 (вход в 2.5× больше выхода). Входит в короткий возвратный цикл переводов (≤4 шага).",0.5142345090629413
100000002824176100,peripheral,0.4,34,"Низкая активность: 1 входящих, 0 исходящих связей.",0.0586368711316016
100000003265158100,peripheral,0.4,2,"Низкая активность: 3 входящих, 2 исходящих связей.",0.06968758251041646
100000003589877100,distributor,0.9,35,Признаки распределения: 6 получателей против 2 входящих (выход в 3.0× больше входа).,0.349981864250306
100000004739664100,peripheral,0.4,43,"Низкая активность: 1 входящих, 1 исходящих связей.",0.05781992269619761
100000002618492100,peripheral,0.4,0,"Низкая активность: 2 входящих, 0 исходящих связей.",0.06185430175670813
100000003635170100,coordinator,0.75,30,"Признаки координации: 3 вх./4 исх., betweenness=0.000 (топ по посредничеству среди узлов со смешанной активностью). Входит в короткий возвратный цикл переводов (≤4 шага).",0.45140854951084297
100000005485830100,distributor,0.9,3,Признаки распределения: 5 получателей против 0 входящих (выход в 5.0× больше входа).,0.3427632021109506
100000002462183100,peripheral,0.4,3,"Низкая активность: 1 входящих, 0 исходящих связей.",0.06072155021050424
100000004847758100,distributor,0.75,32,Признаки распределения: 15 получателей против 4 входящих (выход в 3.8× больше входа). Входит в короткий возвратный цикл переводов (≤4 шага).,0.38257845236821497
100000003739818100,peripheral,0.4,65,"Низкая активность: 1 входящих, 0 исходящих связей.",0.056557556595968436
100000000011452100,peripheral,0.4,32,"Низкая активность: 3 входящих, 1 исходящих связей. Входит в короткий возвратный цикл переводов (≤4 шага).",0.07067733632533435
100000004813068100,peripheral,0.4,29,"Низкая активность: 0 входящих, 3 исходящих связей.",0.05937337160247602
100000008383405100,peripheral,0.4,29,"Низкая активность: 1 входящих, 0 исходящих связей.",0.05700706755638213
100000007334196100,peripheral,0.4,0,"Низкая активность: 1 входящих, 0 исходящих связей.",0.05712189209829597
100000002704875100,peripheral,0.4,57,"Низкая активность: 3 входящих, 0 исходящих связей.",0.06084964649599908
100000003239379100,peripheral,0.4,2,"Низкая активность: 1 входящих, 0 исходящих связей.",0.05675162943159613
100000004723755100,peripheral,0.4,65,"Низкая активность: 0 входящих, 1 исходящих связей.",0.05598354109400144
100000008748914100,distributor,0.9,65,Признаки распределения: 13 получателей против 2 входящих (выход в 6.5× больше входа). Входит в короткий возвратный цикл переводов (≤4 шага).,0.3921260142612956
100000004007116100,coordinator,0.75,25,"Признаки координации: 3 вх./4 исх., betweenness=0.000 (топ по посредничеству среди узлов со смешанной активностью). Входит в короткий возвратный цикл переводов (≤4 шага).",0.4232800047126199
100000004144536100,peripheral,0.4,25,"Низкая активность: 4 входящих, 0 исходящих связей.",0.09524395922620753
100000002214301100,peripheral,0.4,32,"Низкая активность: 1 входящих, 1 исходящих связей.",0.05894977586428566
100000004494983100,peripheral,0.4,43,"Низкая активность: 1 входящих, 0 исходящих связей.",0.056351106984043824
100000001851289100,peripheral,0.4,21,"Низкая активность: 1 входящих, 0 исходящих связей.",0.05657267514939559
100000007544358100,peripheral,0.4,21,"Низкая активность: 2 входящих, 1 исходящих связей.",0.06234386655068298
100000004664905100,peripheral,0.4,21,"Низкая активность: 2 входящих, 0 исходящих связей.",0.06399668308591215
100000008628231100,peripheral,0.4,4,"Низкая активность: 1 входящих, 2 исходящих связей.",0.060403819170590144
100000000979923100,peripheral,0.4,0,"Низкая активность: 1 входящих, 0 исходящих связей.",0.05672649494341968
100000008418835100,peripheral,0.4,5,"Низкая активность: 1 входящих, 4 исходящих связей.",0.07844828560193996
100000008730021100,peripheral,0.4,5,"Низкая активность: 1 входящих, 0 исходящих связей.",0.0651184855123332
100000006177176100,peripheral,0.4,21,"Низкая активность: 1 входящих, 0 исходящих связей.",0.05603147985363634
100000008314203100,peripheral,0.4,6,"Низкая активность: 2 входящих, 2 исходящих связей. Входит в короткий возвратный цикл переводов (≤4 шага).",0.07194710156195314
100000008637537100,coordinator,0.75,6,"Признаки координации: 3 вх./3 исх., betweenness=0.000 (топ по посредничеству среди узлов со смешанной активностью). Входит в короткий возвратный цикл переводов (≤4 шага).",0.43249894901390956
100000004790991100,peripheral,0.4,21,"Низкая активность: 1 входящих, 0 исходящих связей.",0.057271518005736245
100000001924185100,peripheral,0.4,0,"Низкая активность: 2 входящих, 0 исходящих связей.",0.05891186255596562
100000008672162100,peripheral,0.4,43,"Низкая активность: 1 входящих, 0 исходящих связей.",0.05614684536800599
100000001805543100,peripheral,0.4,21,"Низкая активность: 1 входящих, 0 исходящих связей.",0.05630094506869101
100000007442518100,coordinator,0.75,64,"Признаки координации: 5 вх./9 исх., betweenness=0.000 (топ по посредничеству среди узлов со смешанной активностью). Входит в короткий возвратный цикл переводов (≤4 шага).",0.4389991169847543
100000003022835100,peripheral,0.4,65,"Низкая активность: 1 входящих, 0 исходящих связей.",0.057235909406812335
100000003377795100,peripheral,0.4,10,"Низкая активность: 1 входящих, 0 исходящих связей.",0.05600362516002819
100000002565277100,peripheral,0.4,65,"Низкая активность: 1 входящих, 0 исходящих связей.",0.060825888298637
100000002864680100,peripheral,0.4,2,"Низкая активность: 1 входящих, 0 исходящих связей.",0.056447981276686265
100000006369769100,peripheral,0.4,43,"Низкая активность: 1 входящих, 0 исходящих связей.",0.056403616396907025
100000005634552100,peripheral,0.4,32,"Низкая активность: 1 входящих, 3 исходящих связей.",0.061532223297038766
100000005895525100,peripheral,0.4,3,"Низкая активность: 1 входящих, 0 исходящих связей.",0.06127248150312083
100000008304139100,distributor,0.75,65,Признаки распределения: 24 получателей против 4 входящих (выход в 6.0× больше входа). Входит в короткий возвратный цикл переводов (≤4 шага).,0.3977391724981152
100000008601794100,peripheral,0.4,7,"Низкая активность: 2 входящих, 1 исходящих связей. Входит в короткий возвратный цикл переводов (≤4 шага).",0.16356239652383603
100000001872484100,peripheral,0.4,7,"Низкая активность: 1 входящих, 3 исходящих связей. Входит в короткий возвратный цикл переводов (≤4 шага).",0.16056613074672654
100000005514161100,peripheral,0.4,33,"Низкая активность: 4 входящих, 1 исходящих связей.",0.08926045487748126
100000008671929100,peripheral,0.4,65,"Низкая активность: 1 входящих, 0 исходящих связей.",0.056734962081687976
100000002836736100,peripheral,0.4,34,"Низкая активность: 2 входящих, 0 исходящих связей.",0.06599540884024148
100000000507799100,peripheral,0.4,63,"Низкая активность: 1 входящих, 1 исходящих связей.",0.05899010320355851
100000005778283100,peripheral,0.4,10,"Низкая активность: 3 входящих, 0 исходящих связей.",0.06697951865343307
100000007641801100,peripheral,0.4,10,"Низкая активность: 1 входящих, 0 исходящих связей.",0.05655737155190852
100000008188026100,peripheral,0.4,44,"Низкая активность: 2 входящих, 4 исходящих связей.",0.06605870910681311
100000004299488100,consolidator,0.9,32,"Признаки консолидации: получает от 6 плательщиков, отдаёт 2 (вход в 3.0× больше выхода). Входит в короткий возвратный цикл переводов (≤4 шага).",0.486948933177697
100000005133757100,peripheral,0.4,57,"Низкая активность: 2 входящих, 0 исходящих связей.",0.05837102060307018
100000004948177100,peripheral,0.4,21,"Низкая активность: 3 входящих, 0 исходящих связей.",0.06620767057202219
100000008666075100,peripheral,0.4,43,"Низкая активность: 1 входящих, 0 исходящих связей.",0.05625886894940833
100000001330685100,peripheral,0.4,18,"Низкая активность: 3 входящих, 1 исходящих связей.",0.06892006126551813
100000003923946100,peripheral,0.4,34,"Низкая активность: 1 входящих, 4 исходящих связей. Входит в короткий возвратный цикл переводов (≤4 шага).",0.06798136927804214
100000006446271100,peripheral,0.4,65,"Низкая активность: 2 входящих, 0 исходящих связей.",0.059096684998606555
100000008173359100,peripheral,0.4,21,"Низкая активность: 1 входящих, 0 исходящих связей.",0.05601641123443116
100000008737422100,peripheral,0.4,43,"Низкая активность: 1 входящих, 0 исходящих связей.",0.05679116736948513
100000007631637100,peripheral,0.4,43,"Низкая активность: 1 входящих, 0 исходящих связей.",0.05614465047454831
100000001953577100,peripheral,0.4,43,"Низкая активность: 1 входящих, 0 исходящих связей.",0.05614737046213462
100000008659445100,coordinator,0.75,8,"Признаки координации: 3 вх./4 исх., betweenness=0.000 (топ по посредничеству среди узлов со смешанной активностью). Входит в короткий возвратный цикл переводов (≤4 шага).",0.5131518764031755
100000005456919100,peripheral,0.4,8,"Низкая активность: 2 входящих, 1 исходящих связей. Входит в короткий возвратный цикл переводов (≤4 шага).",0.1136348679934821
100000004041163100,peripheral,0.4,13,"Низкая активность: 1 входящих, 2 исходящих связей. Входит в короткий возвратный цикл переводов (≤4 шага).",0.14965666568771654
100000005523088100,peripheral,0.4,13,"Низкая активность: 1 входящих, 0 исходящих связей.",0.12778802534245529
100000001126374100,peripheral,0.4,32,"Низкая активность: 4 входящих, 2 исходящих связей.",0.06629250472244014
100000004394765100,peripheral,0.4,21,"Низкая активность: 3 входящих, 2 исходящих связей.",0.06822744260747689
100000004330371100,peripheral,0.4,21,"Низкая активность: 2 входящих, 2 исходящих связей. Входит в короткий возвратный цикл переводов (≤4 шага).",0.11326424499862119
100000002988894100,peripheral,0.4,65,"Низкая активность: 1 входящих, 3 исходящих связей.",0.06492954714348581
100000007181706100,peripheral,0.4,65,"Низкая активность: 2 входящих, 0 исходящих связей.",0.05935450428397114
100000004358004100,distributor,0.9,65,Признаки распределения: 11 получателей против 0 входящих (выход в 11.0× больше входа).,0.35293269363637436
100000005527892100,peripheral,0.45,57,"Смешанная активность без выраженной посреднической роли: 3 вх./8 исх., betweenness=0.000",0.07979466963132306
100000002844652100,peripheral,0.4,10,"Низкая активность: 1 входящих, 0 исходящих связей.",0.05615959227848734
100000002810870100,peripheral,0.4,43,"Низкая активность: 1 входящих, 0 исходящих связей.",0.05633721299340022
100000004004621100,peripheral,0.4,26,"Низкая активность: 3 входящих, 0 исходящих связей.",0.060134168076591804
100000003134937100,peripheral,0.4,21,"Низкая активность: 1 входящих, 0 исходящих связей.",0.05603887698016512
100000006788200100,peripheral,0.45,34,"Смешанная активность без выраженной посреднической роли: 4 вх./3 исх., betweenness=0.000",0.0698134321943793
100000005620225100,peripheral,0.4,32,"Низкая активность: 2 входящих, 0 исходящих связей.",0.05821218334608588
100000002894076100,peripheral,0.4,10,"Низкая активность: 4 входящих, 0 исходящих связей.",0.06592727470653577
100000001389255100,peripheral,0.4,43,"Низкая активность: 1 входящих, 0 исходящих связей.",0.05615299947119355
100000003187359100,peripheral,0.4,43,"Низкая активность: 1 входящих, 0 исходящих связей.",0.05618383299842682
100000001616816100,coordinator,0.75,34,"Признаки координации: 5 вх./3 исх., betweenness=0.000 (топ по посредничеству среди узлов со смешанной активностью). Входит в короткий возвратный цикл переводов (≤4 шага).",0.5165445964764009
100000001641789100,peripheral,0.4,34,"Низкая активность: 1 входящих, 0 исходящих связей.",0.06619147633724301
100000008575624100,peripheral,0.4,41,"Низкая активность: 0 входящих, 3 исходящих связей.",0.05937337160247602
100000004094958100,peripheral,0.4,41,"Низкая активность: 1 входящих, 1 исходящих связей.",0.06297921321992402
100000008116374100,peripheral,0.4,21,"Низкая активность: 1 входящих, 0 исходящих связей.",0.056151840516784304
100000002603769100,peripheral,0.4,32,"Низкая активность: 3 входящих, 0 исходящих связей.",0.07218095820656104
100000005498992100,distributor,0.9,11,Признаки распределения: 16 получателей против 0 входящих (выход в 16.0× больше входа).,0.36140726990756084
100000002324543100,peripheral,0.4,11,"Низкая активность: 1 входящих, 0 исходящих связей.",0.05614583118297519
100000004180097100,coordinator,0.75,32,"Признаки координации: 3 вх./3 исх., betweenness=0.000 (топ по посредничеству среди узлов со смешанной активностью). Входит в короткий возвратный цикл переводов (≤4 шага).",0.4365190586556722
100000008738325100,peripheral,0.4,13,"Низкая активность: 1 входящих, 1 исходящих связей.",0.06984015697233371
100000005668605100,peripheral,0.4,13,"Низкая активность: 3 входящих, 0 исходящих связей.",0.08702966766722448
100000005546031100,peripheral,0.4,41,"Низкая активность: 3 входящих, 1 исходящих связей. Входит в короткий возвратный цикл переводов (≤4 шага).",0.08243808065675012
100000007641183100,peripheral,0.4,21,"Низкая активность: 1 входящих, 0 исходящих связей.",0.056134173488769375
100000002609774100,peripheral,0.4,11,"Низкая активность: 1 входящих, 1 исходящих связей.",0.060834187415134494
100000003102157100,peripheral,0.4,32,"Низкая активность: 1 входящих, 0 исходящих связей.",0.05689191813853194
100000001952325100,peripheral,0.4,43,"Низкая активность: 1 входящих, 0 исходящих связей.",0.05680151172381918
100000002670860100,peripheral,0.4,33,"Низкая активность: 2 входящих, 0 исходящих связей.",0.05884810861712727
100000004971871100,peripheral,0.4,12,"Низкая активность: 1 входящих, 1 исходящих связей. Входит в короткий возвратный цикл переводов (≤4 шага).",0.08056773460941961
100000003148220100,peripheral,0.4,12,"Низкая активность: 1 входящих, 2 исходящих связей. Входит в короткий возвратный цикл переводов (≤4 шага).",0.09103397125790945
100000002958286100,peripheral,0.4,11,"Низкая активность: 1 входящих, 0 исходящих связей.",0.05736452754742348
100000000907277100,peripheral,0.4,43,"Низкая активность: 1 входящих, 0 исходящих связей.",0.0561676811030301
100000008193577100,distributor,0.9,8,Признаки распределения: 5 получателей против 2 входящих (выход в 2.5× больше входа). Входит в короткий возвратный цикл переводов (≤4 шага).,0.3938669133352939
100000005093521100,peripheral,0.4,65,"Низкая активность: 1 входящих, 0 исходящих связей.",0.05613582908083925
100000001567366100,peripheral,0.4,21,"Низкая активность: 1 входящих, 0 исходящих связей.",0.06041681386387315
100000008650785100,peripheral,0.4,21,"Низкая активность: 2 входящих, 2 исходящих связей.",0.07767718050785617
100000005519347100,peripheral,0.4,21,"Низкая активность: 2 входящих, 1 исходящих связей.",0.07295746963416276
100000008349675100,peripheral,0.4,10,"Низкая активность: 1 входящих, 1 исходящих связей.",0.05781413556376038
100000002606567100,peripheral,0.4,32,"Низкая активность: 1 входящих, 1 исходящих связей.",0.05802480485470333
100000002511825100,peripheral,0.4,32,"Низкая активность: 1 входящих, 0 исходящих связей.",0.05659384547758818
100000002306369100,distributor,0.9,65,Признаки распределения: 6 получателей против 1 входящих (выход в 6.0× больше входа). Входит в короткий возвратный цикл переводов (≤4 шага).,0.3476222202314274
100000003205210100,peripheral,0.4,65,"Низкая активность: 1 входящих, 0 исходящих связей.",0.05736177743172308
100000008665380100,peripheral,0.4,32,"Низкая активность: 2 входящих, 1 исходящих связей.",0.05984781487048753
100000004076740100,coordinator,0.75,39,"Признаки координации: 3 вх./6 исх., betweenness=0.000 (топ по посредничеству среди узлов со смешанной активностью). Входит в короткий возвратный цикл переводов (≤4 шага).",0.4371986139464014
100000002679516100,peripheral,0.4,2,"Низкая активность: 3 входящих, 0 исходящих связей.",0.06143764972369224
100000002479804100,peripheral,0.4,65,"Низкая активность: 1 входящих, 2 исходящих связей.",0.059963485027476705
100000008745489100,peripheral,0.4,43,"Низкая активность: 1 входящих, 0 исходящих связей.",0.056566805150203264
100000001194266100,peripheral,0.4,65,"Низкая активность: 1 входящих, 0 исходящих связей.",0.0564844884191258
100000006972210100,peripheral,0.4,11,"Низкая активность: 3 входящих, 0 исходящих связей.",0.06241186768744063
100000008695495100,peripheral,0.4,43,"Низкая активность: 1 входящих, 0 исходящих связей.",0.05620408062802687
100000002182176100,peripheral,0.4,32,"Низкая активность: 1 входящих, 0 исходящих связей.",0.05638225764244777
100000003877908100,peripheral,0.4,65,"Низкая активность: 1 входящих, 0 исходящих связей.",0.05638429895410093
100000003832231100,peripheral,0.4,65,"Низкая активность: 1 входящих, 0 исходящих связей.",0.056334204221588496
100000002864256100,peripheral,0.4,65,"Низкая активность: 1 входящих, 0 исходящих связей.",0.05734391365010914
100000008749618100,peripheral,0.4,43,"Низкая активность: 1 входящих, 0 исходящих связей.",0.05648007010203583
100000004286573100,peripheral,0.4,2,"Низкая активность: 1 входящих, 0 исходящих связей.",0.056121298775306264
100000002939838100,peripheral,0.4,21,"Низкая активность: 3 входящих, 0 исходящих связей.",0.06510064785815087
100000002762076100,peripheral,0.4,10,"Низкая активность: 2 входящих, 1 исходящих связей.",0.06005708595391955
100000002793851100,peripheral,0.4,21,"Низкая активность: 1 входящих, 0 исходящих связей.",0.0560429978521077
100000008736760100,peripheral,0.4,43,"Низкая активность: 1 входящих, 0 исходящих связей.",0.056558592678031455
100000008769636100,peripheral,0.4,43,"Низкая активность: 1 входящих, 0 исходящих связей.",0.056226323615315724
100000002870937100,peripheral,0.4,10,"Низкая активность: 1 входящих, 0 исходящих связей.",0.05622368914063556
100000001929088100,peripheral,0.4,10,"Низкая активность: 2 входящих, 0 исходящих связей.",0.059280500859006276
100000005264990100,peripheral,0.4,13,"Низкая активность: 1 входящих, 2 исходящих связей.",0.06416213800494106
100000005382566100,consolidator,0.9,13,"Признаки консолидации: получает от 7 плательщиков, отдаёт 1 (вход в 7.0× больше выхода). Входит в короткий возвратный цикл переводов (≤4 шага).",0.5198138814858276
100000003873332100,peripheral,0.4,37,"Низкая активность: 1 входящих, 4 исходящих связей.",0.07293281639377813
100000007281639100,peripheral,0.4,21,"Низкая активность: 2 входящих, 0 исходящих связей.",0.059579900842139016
100000003946524100,peripheral,0.4,65,"Низкая активность: 2 входящих, 2 исходящих связей. Входит в короткий возвратный цикл переводов (≤4 шага).",0.06442466106191325
100000002615479100,peripheral,0.4,11,"Низкая активность: 1 входящих, 0 исходящих связей.",0.05716570848603587
100000008690932100,peripheral,0.4,43,"Низкая активность: 1 входящих, 0 исходящих связей.",0.05622508439317215
100000004692798100,peripheral,0.4,2,"Низкая активность: 2 входящих, 1 исходящих связей. Входит в короткий возвратный цикл переводов (≤4 шага).",0.14068749575419026
100000000817146100,peripheral,0.4,21,"Низкая активность: 1 входящих, 0 исходящих связей.",0.07118931365838699
100000004388983100,peripheral,0.4,14,"Низкая активность: 0 входящих, 2 исходящих связей.",0.05767845634823873
100000007283257100,peripheral,0.4,14,"Низкая активность: 1 входящих, 0 исходящих связей.",0.061162201389181395
100000002692044100,peripheral,0.4,2,"Низкая активность: 1 входящих, 0 исходящих связей.",0.056788995891262906
100000008687671100,peripheral,0.4,43,"Низкая активность: 1 входящих, 0 исходящих связей.",0.05637736169047542
100000000810551100,peripheral,0.4,65,"Низкая активность: 1 входящих, 1 исходящих связей.",0.0595454465343721
100000004071080100,consolidator,0.9,32,"Признаки консолидации: получает от 9 плательщиков, отдаёт 2 (вход в 4.5× больше выхода). Входит в короткий возвратный цикл переводов (≤4 шага).",0.4874562960666399
100000006687202100,peripheral,0.4,32,"Низкая активность: 1 входящих, 0 исходящих связей.",0.05645300600445278
100000006745291100,peripheral,0.4,0,"Низкая активность: 1 входящих, 0 исходящих связей.",0.05660988382135471
100000004792397100,peripheral,0.4,43,"Низкая активность: 1 входящих, 0 исходящих связей.",0.05675563950074189
100000004156082100,distributor,0.75,44,Признаки распределения: 26 получателей против 5 входящих (выход в 5.2× больше входа). Входит в короткий возвратный цикл переводов (≤4 шага).,0.4386361816989113
100000002952631100,peripheral,0.4,21,"Низкая активность: 1 входящих, 0 исходящих связей.",0.056242037042879986
100000005392290100,peripheral,0.4,15,"Низкая активность: 0 входящих, 1 исходящих связей.",0.05598354109400144
100000003865939100,peripheral,0.4,15,"Низкая активность: 1 входящих, 0 исходящих связей.",0.06814303546708397
100000003809101100,peripheral,0.4,0,"Низкая активность: 2 входящих, 2 исходящих связей. Входит в короткий возвратный цикл переводов (≤4 шага).",0.06637455354584752
100000001253557100,consolidator,0.9,35,"Признаки консолидации: получает от 5 плательщиков, отдаёт 0 (вход в 5.0× больше выхода).",0.4260403640510349
100000002152857100,distributor,0.9,34,Признаки распределения: 5 получателей против 1 входящих (выход в 5.0× больше входа).,0.34865598695373956
100000003119550100,peripheral,0.4,43,"Низкая активность: 1 входящих, 0 исходящих связей.",0.05620408062802687
100000002838861100,consolidator,0.9,11,"Признаки консолидации: получает от 5 плательщиков, отдаёт 1 (вход в 5.0× больше выхода). Входит в короткий возвратный цикл переводов (≤4 шага).",0.5164570674498573
100000006249740100,peripheral,0.4,16,"Низкая активность: 0 входящих, 3 исходящих связей.",0.05937337160247602
100000008129393100,peripheral,0.4,16,"Низкая активность: 1 входящих, 0 исходящих связей.",0.057290915202733314
100000006889963100,peripheral,0.4,18,"Низкая активность: 4 входящих, 1 исходящих связей.",0.07013299514243652
100000008172352100,peripheral,0.45,9,"Смешанная активность без выраженной посреднической роли: 3 вх./7 исх., betweenness=0.000",0.07780495984194558
100000002748180100,distributor,0.9,33,Признаки распределения: 8 получателей против 1 входящих (выход в 8.0× больше входа).,0.34971993813270236
100000008747113100,peripheral,0.4,18,"Низкая активность: 2 входящих, 0 исходящих связей.",0.058776730410502194
100000002934441100,peripheral,0.4,32,"Низкая активность: 2 входящих, 0 исходящих связей.",0.058524658454287073
100000008094734100,peripheral,0.4,32,"Низкая активность: 4 входящих, 0 исходящих связей.",0.06399870622640269
100000005901606100,peripheral,0.4,43,"Низкая активность: 1 входящих, 0 исходящих связей.",0.056358038226541764
100000007908818100,peripheral,0.45,65,"Смешанная активность без выраженной посреднической роли: 4 вх./6 исх., betweenness=0.000",0.08271192806926232
100000008749406100,peripheral,0.4,43,"Низкая активность: 1 входящих, 0 исходящих связей.",0.05616358536882678
100000004677680100,peripheral,0.4,0,"Низкая активность: 2 входящих, 1 исходящих связей. Входит в короткий возвратный цикл переводов (≤4 шага).",0.10022423993585385
100000002158488100,peripheral,0.4,43,"Низкая активность: 1 входящих, 0 исходящих связей.",0.056316692314853284
100000006656003100,peripheral,0.4,43,"Низкая активность: 1 входящих, 1 исходящих связей. Входит в короткий возвратный цикл переводов (≤4 шага).",0.05788849399969152
100000008028628100,peripheral,0.4,43,"Низкая активность: 1 входящих, 0 исходящих связей.",0.05658450082233816
100000002760175100,peripheral,0.4,0,"Низкая активность: 1 входящих, 0 исходящих связей.",0.05740577787560994
100000006518161100,peripheral,0.4,21,"Низкая активность: 3 входящих, 2 исходящих связей. Входит в короткий возвратный цикл переводов (≤4 шага).",0.08968791829213343
100000004015047100,consolidator,0.9,34,"Признаки консолидации: получает от 9 плательщиков, отдаёт 1 (вход в 9.0× больше выхода). Входит в короткий возвратный цикл переводов (≤4 шага).",0.531214907127381
100000000267734100,distributor,0.9,10,Признаки распределения: 7 получателей против 2 входящих (выход в 3.5× больше входа). Входит в короткий возвратный цикл переводов (≤4 шага).,0.36217902258750423
100000008555918100,peripheral,0.4,65,"Низкая активность: 1 входящих, 2 исходящих связей.",0.06129761940702352
100000001049200100,peripheral,0.4,37,"Низкая активность: 2 входящих, 4 исходящих связей. Входит в короткий возвратный цикл переводов (≤4 шага).",0.07800674234789745
100000001987030100,peripheral,0.4,44,"Низкая активность: 2 входящих, 1 исходящих связей.",0.06042424031467394
100000003567087100,peripheral,0.4,43,"Низкая активность: 1 входящих, 0 исходящих связей.",0.05663586553000094
100000005612411100,peripheral,0.45,65,"Смешанная активность без выраженной посреднической роли: 3 вх./8 исх., betweenness=0.000",0.07674571537425309
100000000945428100,peripheral,0.4,32,"Низкая активность: 1 входящих, 0 исходящих связей.",0.0568250945031783
100000002844897100,peripheral,0.4,11,"Низкая активность: 1 входящих, 0 исходящих связей.",0.056041574765974045
100000002957306100,peripheral,0.4,0,"Низкая активность: 2 входящих, 0 исходящих связей.",0.061161812752065725
100000001074553100,peripheral,0.4,11,"Низкая активность: 2 входящих, 0 исходящих связей.",0.05787506907220166
100000004188160100,distributor,0.9,21,Признаки распределения: 5 получателей против 2 входящих (выход в 2.5× больше входа). Входит в короткий возвратный цикл переводов (≤4 шага).,0.37410818826514713
100000008771819100,peripheral,0.4,43,"Низкая активность: 1 входящих, 0 исходящих связей.",0.056392064326077115
100000008566737100,peripheral,0.4,32,"Низкая активность: 2 входящих, 0 исходящих связей.",0.060875455728087925
100000005092518100,peripheral,0.4,43,"Низкая активность: 1 входящих, 0 исходящих связей.",0.05625810231198053
100000008748408100,distributor,0.9,34,Признаки распределения: 21 получателей против 1 входящих (выход в 21.0× больше входа).,0.3740821767100413
100000003713616100,peripheral,0.4,21,"Низкая активность: 1 входящих, 0 исходящих связей.",0.0560690411172174
100000001162560100,distributor,0.9,11,Признаки распределения: 12 получателей против 1 входящих (выход в 12.0× больше входа).,0.3581358545326767
100000004269433100,peripheral,0.4,5,"Низкая активность: 0 входящих, 1 исходящих связей.",0.05598354109400144
100000004737477100,peripheral,0.4,32,"Низкая активность: 2 входящих, 1 исходящих связей.",0.05992511866119842
100000008708368100,peripheral,0.4,43,"Низкая активность: 1 входящих, 0 исходящих связей.",0.056232194167673825
100000008782056100,peripheral,0.4,43,"Низкая активность: 1 входящих, 0 исходящих связей.",0.056288956842978945
100000002289937100,peripheral,0.4,43,"Низкая активность: 1 входящих, 0 исходящих связей.",0.056193578745454234
100000004105288100,peripheral,0.4,65,"Низкая активность: 2 входящих, 0 исходящих связей.",0.06655831331129505
100000001899164100,coordinator,0.75,2,"Признаки координации: 4 вх./3 исх., betweenness=0.000 (топ по посредничеству среди узлов со смешанной активностью). Входит в короткий возвратный цикл переводов (≤4 шага).",0.4521441660929614
100000008718089100,peripheral,0.4,43,"Низкая активность: 1 входящих, 0 исходящих связей.",0.05614667733788482
100000000580561100,peripheral,0.4,17,"Низкая активность: 2 входящих, 3 исходящих связей. Входит в короткий возвратный цикл переводов (≤4 шага).",0.09026696864185972
100000007939160100,peripheral,0.4,17,"Низкая активность: 1 входящих, 2 исходящих связей. Входит в короткий возвратный цикл переводов (≤4 шага).",0.07838011376812985
100000003115284100,consolidator,0.9,0,"Признаки консолидации: получает от 8 плательщиков, отдаёт 2 (вход в 4.0× больше выхода). Входит в короткий возвратный цикл переводов (≤4 шага).",0.4948584555798236
100000008745725100,peripheral,0.4,43,"Низкая активность: 1 входящих, 0 исходящих связей.",0.05647775968786985
100000002173161100,peripheral,0.4,21,"Низкая активность: 3 входящих, 0 исходящих связей.",0.06687097329691878
100000008777088100,peripheral,0.4,43,"Низкая активность: 1 входящих, 0 исходящих связей.",0.056172574980308955
100000006326645100,peripheral,0.4,43,"Низкая активность: 1 входящих, 0 исходящих связей.",0.056248860655316604
100000002890167100,peripheral,0.4,21,"Низкая активность: 1 входящих, 0 исходящих связей.",0.05661915600263826
100000005877725100,peripheral,0.4,43,"Низкая активность: 1 входящих, 0 исходящих связей.",0.056718672874086204
100000002211413100,peripheral,0.4,43,"Низкая активность: 1 входящих, 0 исходящих связей.",0.0563721107491891
100000004679953100,coordinator,0.75,57,"Признаки координации: 3 вх./3 исх., betweenness=0.000 (топ по посредничеству среди узлов со смешанной активностью). Входит в короткий возвратный цикл переводов (≤4 шага).",0.41083875224285976
100000004497606100,peripheral,0.4,43,"Низкая активность: 1 входящих, 0 исходящих связей.",0.05614667733788482
100000002605548100,peripheral,0.4,0,"Низкая активность: 2 входящих, 0 исходящих связей.",0.05911708325034133
100000008767925100,peripheral,0.4,43,"Низкая активность: 1 входящих, 0 исходящих связей.",0.05616358536882678
100000007511163100,peripheral,0.4,21,"Низкая активность: 2 входящих, 3 исходящих связей. Входит в короткий возвратный цикл переводов (≤4 шага).",0.0669858976145029
100000008724279100,peripheral,0.4,21,"Низкая активность: 1 входящих, 0 исходящих связей.",0.056046752902520126
100000000041368100,peripheral,0.4,65,"Низкая активность: 1 входящих, 0 исходящих связей.",0.057586572534399375
100000003476560100,peripheral,0.4,65,"Низкая активность: 1 входящих, 0 исходящих связей.",0.0564844884191258
100000005034574100,peripheral,0.4,14,"Низкая активность: 1 входящих, 0 исходящих связей.",0.06296437517190402
100000008165763100,transit,0.85,65,"Признаки транзита: 15 плательщиков → 17 получателей, pass_through=1.09.",0.3836263226876912
100000007347733100,peripheral,0.4,16,"Низкая активность: 1 входящих, 0 исходящих связей.",0.058991416705960864
100000008237827100,peripheral,0.4,65,"Низкая активность: 1 входящих, 0 исходящих связей.",0.056384308973047435
100000008736173100,peripheral,0.4,43,"Низкая активность: 1 входящих, 0 исходящих связей.",0.05630972956670763
100000004070318100,distributor,0.75,32,Признаки распределения: 19 получателей против 4 входящих (выход в 4.8× больше входа). Входит в короткий возвратный цикл переводов (≤4 шага).,0.3977849578786744
100000008779584100,peripheral,0.4,43,"Низкая активность: 1 входящих, 0 исходящих связей.",0.05631330020678232
100000004388353100,peripheral,0.4,0,"Низкая активность: 2 входящих, 0 исходящих связей.",0.06043990910451866
100000003071930100,peripheral,0.4,11,"Низкая активность: 3 входящих, 1 исходящих связей.",0.06468698088247977
100000007311010100,peripheral,0.4,65,"Низкая активность: 2 входящих, 1 исходящих связей.",0.0608307015918261
100000008667058100,peripheral,0.4,43,"Низкая активность: 1 входящих, 0 исходящих связей.",0.0561676811030301
100000008736940100,coordinator,0.75,8,"Признаки координации: 3 вх./3 исх., betweenness=0.000 (топ по посредничеству среди узлов со смешанной активностью). Входит в короткий возвратный цикл переводов (≤4 шага).",0.5109720545279557
100000004351795100,distributor,0.75,32,Признаки распределения: 14 получателей против 3 входящих (выход в 4.7× больше входа). Входит в короткий возвратный цикл переводов (≤4 шага).,0.39154068380442625
100000006562026100,peripheral,0.4,16,"Низкая активность: 2 входящих, 0 исходящих связей.",0.0776821953737125
100000008219168100,peripheral,0.4,10,"Низкая активность: 1 входящих, 0 исходящих связей.",0.056136179995804725
100000005183943100,peripheral,0.4,17,"Низкая активность: 1 входящих, 0 исходящих связей.",0.072258618160624
100000000968253100,peripheral,0.4,43,"Низкая активность: 1 входящих, 0 исходящих связей.",0.05614106933259103
100000002941114100,peripheral,0.4,0,"Низкая активность: 2 входящих, 1 исходящих связей. Входит в короткий возвратный цикл переводов (≤4 шага).",0.13611037139048623
100000002794197100,peripheral,0.4,10,"Низкая активность: 1 входящих, 0 исходящих связей.",0.05606990257791646
100000004588479100,peripheral,0.4,21,"Низкая активность: 1 входящих, 0 исходящих связей.",0.05693915838613758
100000001530983100,peripheral,0.45,21,"Смешанная активность без выраженной посреднической роли: 4 вх./11 исх., betweenness=0.000",0.08693834627926873
100000003942602100,peripheral,0.4,43,"Низкая активность: 1 входящих, 1 исходящих связей. Входит в короткий возвратный цикл переводов (≤4 шага).",0.05799351282541791
100000001411870100,peripheral,0.4,34,"Низкая активность: 2 входящих, 0 исходящих связей.",0.06730908117622188
100000001362940100,peripheral,0.4,65,"Низкая активность: 1 входящих, 0 исходящих связей.",0.056795075760702904
100000003701161100,coordinator,0.75,42,"Признаки координации: 4 вх./3 исх., betweenness=0.000 (топ по посредничеству среди узлов со смешанной активностью). Входит в короткий возвратный цикл переводов (≤4 шага).",0.4767356029394978
100000008670667100,peripheral,0.4,43,"Низкая активность: 1 входящих, 0 исходящих связей.",0.05614667733788482
100000008751429100,peripheral,0.4,8,"Низкая активность: 3 входящих, 1 исходящих связей. Входит в короткий возвратный цикл переводов (≤4 шага).",0.12204883711402269
100000008737958100,peripheral,0.4,43,"Низкая активность: 2 входящих, 0 исходящих связей.",0.058381798821354754
100000000555721100,peripheral,0.4,32,"Низкая активность: 2 входящих, 0 исходящих связей.",0.05880539112890191
100000002600345100,peripheral,0.4,21,"Низкая активность: 2 входящих, 0 исходящих связей.",0.058186379380912416
100000004714705100,peripheral,0.4,13,"Низкая активность: 0 входящих, 1 исходящих связей.",0.05598354109400144
100000002596035100,peripheral,0.4,0,"Низкая активность: 1 входящих, 0 исходящих связей.",0.05774090394292668
100000008137435100,distributor,0.9,42,Признаки распределения: 6 получателей против 2 входящих (выход в 3.0× больше входа). Входит в короткий возвратный цикл переводов (≤4 шага).,0.35260701758677704
100000008571433100,peripheral,0.4,20,"Низкая активность: 2 входящих, 2 исходящих связей. Входит в короткий возвратный цикл переводов (≤4 шага).",0.12817260115757315
100000004135268100,peripheral,0.4,20,"Низкая активность: 2 входящих, 3 исходящих связей. Входит в короткий возвратный цикл переводов (≤4 шага).",0.13557611234789443
100000003284932100,peripheral,0.4,65,"Низкая активность: 1 входящих, 0 исходящих связей.",0.05668411592818785
100000003004487100,peripheral,0.4,31,"Низкая активность: 4 входящих, 2 исходящих связей. Входит в короткий возвратный цикл переводов (≤4 шага).",0.06987228259379878
100000005417257100,peripheral,0.4,13,"Низкая активность: 0 входящих, 2 исходящих связей.",0.05767845634823873
100000005394708100,peripheral,0.4,13,"Низкая активность: 1 входящих, 1 исходящих связей.",0.06066318008698842
100000001524952100,peripheral,0.4,32,"Низкая активность: 1 входящих, 0 исходящих связей.",0.05695821597318588
100000003449074100,peripheral,0.4,32,"Низкая активность: 1 входящих, 0 исходящих связей.",0.05607743407609171
100000003044518100,peripheral,0.4,10,"Низкая активность: 1 входящих, 0 исходящих связей.",0.056082305923264124
100000004491881100,peripheral,0.4,43,"Низкая активность: 1 входящих, 0 исходящих связей.",0.05616358536882678
100000004186824100,peripheral,0.4,21,"Низкая активность: 2 входящих, 1 исходящих связей.",0.06421896199764679
100000008716439100,peripheral,0.4,43,"Низкая активность: 1 входящих, 0 исходящих связей.",0.05611236768752001
100000008746673100,peripheral,0.4,43,"Низкая активность: 1 входящих, 0 исходящих связей.",0.056540644960714814
100000002881669100,peripheral,0.4,2,"Низкая активность: 1 входящих, 0 исходящих связей.",0.056137989127290754
100000008304115100,peripheral,0.4,2,"Низкая активность: 1 входящих, 0 исходящих связей.",0.05640702763689149
100000004019124100,peripheral,0.4,21,"Низкая активность: 3 входящих, 0 исходящих связей.",0.10527095073483925
100000008745643100,peripheral,0.4,43,"Низкая активность: 1 входящих, 0 исходящих связей.",0.05619686583469947
100000008002020100,peripheral,0.4,2,"Низкая активность: 1 входящих, 1 исходящих связей.",0.05830941451433563
100000004403675100,coordinator,0.75,13,"Признаки координации: 4 вх./5 исх., betweenness=0.003 (топ по посредничеству среди узлов со смешанной активностью). Входит в короткий возвратный цикл переводов (≤4 шага).",0.4633233751796583
100000003886323100,peripheral,0.4,21,"Низкая активность: 2 входящих, 1 исходящих связей. Входит в короткий возвратный цикл переводов (≤4 шага).",0.13560504561484057
100000008753193100,peripheral,0.4,43,"Низкая активность: 1 входящих, 0 исходящих связей.",0.05635346990762267
100000008586731100,peripheral,0.4,2,"Низкая активность: 1 входящих, 0 исходящих связей.",0.05608318498644616
100000005940652100,peripheral,0.4,6,"Низкая активность: 1 входящих, 0 исходящих связей.",0.056109584127408664
100000000941942100,peripheral,0.4,65,"Низкая активность: 1 входящих, 0 исходящих связей.",0.05728600413932477
100000008732098100,peripheral,0.4,43,"Низкая активность: 1 входящих, 0 исходящих связей.",0.056148179107092716
100000006707582100,distributor,0.9,0,Признаки распределения: 14 получателей против 2 входящих (выход в 7.0× больше входа). Входит в короткий возвратный цикл переводов (≤4 шага).,0.37808757136773
100000001684867100,peripheral,0.4,21,"Низкая активность: 1 входящих, 0 исходящих связей.",0.056147891796150026
100000003366154100,peripheral,0.4,65,"Низкая активность: 1 входящих, 3 исходящих связей.",0.06300505586939037
100000002214570100,peripheral,0.4,43,"Низкая активность: 1 входящих, 0 исходящих связей.",0.05626153642758178
100000004664515100,peripheral,0.4,32,"Низкая активность: 1 входящих, 0 исходящих связей.",0.056337433132797876
100000002938501100,peripheral,0.4,21,"Низкая активность: 1 входящих, 1 исходящих связей.",0.05792341432703396
100000004509286100,peripheral,0.4,65,"Низкая активность: 1 входящих, 0 исходящих связей.",0.05638429895410093
100000008728457100,peripheral,0.4,0,"Низкая активность: 1 входящих, 0 исходящих связей.",0.0563250418419465
100000008671026100,peripheral,0.4,43,"Низкая активность: 1 входящих, 0 исходящих связей.",0.05623069239846594
100000005958064100,peripheral,0.4,19,"Низкая активность: 1 входящих, 2 исходящих связей.",0.05968407166649566
100000002188829100,peripheral,0.4,65,"Низкая активность: 1 входящих, 0 исходящих связей.",0.05999111969499628
100000003158727100,peripheral,0.4,10,"Низкая активность: 3 входящих, 0 исходящих связей.",0.06080237947545872
100000005056870100,peripheral,0.4,3,"Низкая активность: 1 входящих, 0 исходящих связей.",0.05686503116218801
100000007018630100,peripheral,0.4,23,"Низкая активность: 0 входящих, 1 исходящих связей.",0.05598354109400144
100000002371751100,peripheral,0.4,23,"Низкая активность: 1 входящих, 1 исходящих связей.",0.06984015697233371
100000006232815100,distributor,0.9,24,Признаки распределения: 5 получателей против 1 входящих (выход в 5.0× больше входа). Входит в короткий возвратный цикл переводов (≤4 шага).,0.35805286765535865
100000005669845100,peripheral,0.4,24,"Низкая активность: 1 входящих, 0 исходящих связей.",0.05758300606182537
100000005584222100,peripheral,0.4,32,"Низкая активность: 2 входящих, 2 исходящих связей. Входит в короткий возвратный цикл переводов (≤4 шага).",0.0910369181047548
100000001697501100,distributor,0.75,43,Признаки распределения: 38 получателей против 3 входящих (выход в 12.7× больше входа). Входит в короткий возвратный цикл переводов (≤4 шага).,0.4213806856641015
100000005539201100,peripheral,0.4,21,"Низкая активность: 1 входящих, 1 исходящих связей.",0.05839061301478904
100000002921047100,peripheral,0.4,10,"Низкая активность: 2 входящих, 1 исходящих связей.",0.06118891302459318
100000003014659100,peripheral,0.4,0,"Низкая активность: 1 входящих, 0 исходящих связей.",0.05810843463677065
100000008556318100,peripheral,0.4,65,"Низкая активность: 2 входящих, 0 исходящих связей.",0.07143497952341393
100000002603478100,peripheral,0.4,2,"Низкая активность: 1 входящих, 0 исходящих связей.",0.05617867705003901
100000007274584100,peripheral,0.4,65,"Низкая активность: 1 входящих, 0 исходящих связей.",0.05636426106109596
100000007938486100,peripheral,0.4,43,"Низкая активность: 1 входящих, 0 исходящих связей.",0.0563983654556207
100000002480800100,peripheral,0.4,65,"Низкая активность: 2 входящих, 0 исходящих связей.",0.07546654651052401
100000002243354100,peripheral,0.4,43,"Низкая активность: 1 входящих, 0 исходящих связей.",0.05620280990023558
100000004783447100,peripheral,0.4,43,"Низкая активность: 1 входящих, 0 исходящих связей.",0.0562586904174046
100000008680451100,peripheral,0.4,43,"Низкая активность: 1 входящих, 0 исходящих связей.",0.05623069239846594
100000006952718100,peripheral,0.4,21,"Низкая активность: 1 входящих, 0 исходящих связей.",0.056368132496485895
100000008745474100,peripheral,0.4,43,"Низкая активность: 1 входящих, 0 исходящих связей.",0.05640948694926513
100000004841728100,peripheral,0.4,43,"Низкая активность: 1 входящих, 0 исходящих связей.",0.0565318233793538
100000007129492100,peripheral,0.4,0,"Низкая активность: 2 входящих, 1 исходящих связей.",0.06010127479782232
100000002991079100,peripheral,0.4,21,"Низкая активность: 2 входящих, 1 исходящих связей.",0.06507813066108899
100000008486520100,peripheral,0.4,21,"Низкая активность: 1 входящих, 1 исходящих связей.",0.0580846265943439
100000001960517100,peripheral,0.4,34,"Низкая активность: 1 входящих, 0 исходящих связей.",0.05966872170177944
100000002981527100,peripheral,0.4,11,"Низкая активность: 1 входящих, 0 исходящих связей.",0.05688628710246409
100000004622227100,peripheral,0.4,32,"Низкая активность: 1 входящих, 3 исходящих связей.",0.06183506263112167
100000008723830100,peripheral,0.4,21,"Низкая активность: 2 входящих, 1 исходящих связей.",0.062326820099986184
100000006734554100,peripheral,0.4,24,"Низкая активность: 1 входящих, 1 исходящих связей.",0.05900463369973085
100000001463701100,peripheral,0.4,0,"Низкая активность: 2 входящих, 0 исходящих связей.",0.0720207377650693
100000008672200100,peripheral,0.4,43,"Низкая активность: 1 входящих, 0 исходящих связей.",0.056072922616577175
100000002784085100,peripheral,0.4,11,"Низкая активность: 1 входящих, 0 исходящих связей.",0.05705823872312365
100000000607731100,peripheral,0.4,24,"Низкая активность: 1 входящих, 1 исходящих связей.",0.059284540069100035
100000001696818100,peripheral,0.4,65,"Низкая активность: 1 входящих, 0 исходящих связей.",0.0566473948164652
100000002973903100,peripheral,0.4,2,"Низкая активность: 3 входящих, 0 исходящих связей.",0.060939472589130364
100000003239859100,peripheral,0.4,2,"Низкая активность: 1 входящих, 0 исходящих связей.",0.056137989127290754
100000003057225100,peripheral,0.4,21,"Низкая активность: 1 входящих, 0 исходящих связей.",0.057253156992759714
100000003131693100,peripheral,0.4,65,"Низкая активность: 1 входящих, 0 исходящих связей.",0.05952300445756058
100000008722328100,peripheral,0.4,43,"Низкая активность: 1 входящих, 0 исходящих связей.",0.056232194167673825
100000003900547100,peripheral,0.4,21,"Низкая активность: 1 входящих, 0 исходящих связей.",0.05611104065671573
100000002750956100,peripheral,0.4,32,"Низкая активность: 1 входящих, 0 исходящих связей.",0.056428744057880655
100000002847207100,peripheral,0.4,65,"Низкая активность: 1 входящих, 0 исходящих связей.",0.05644684723711595
100000006445501100,peripheral,0.4,0,"Низкая активность: 1 входящих, 0 исходящих связей.",0.05667413149540144
100000008691330100,peripheral,0.4,43,"Низкая активность: 1 входящих, 0 исходящих связей.",0.05620870145635883
100000000274067100,peripheral,0.4,10,"Низкая активность: 2 входящих, 3 исходящих связей. Входит в короткий возвратный цикл переводов (≤4 шага).",0.06918771674813315
100000004559194100,peripheral,0.4,21,"Низкая активность: 1 входящих, 0 исходящих связей.",0.05750140455906565
100000002982252100,peripheral,0.4,43,"Низкая активность: 1 входящих, 0 исходящих связей.",0.05619693934787748
100000008782421100,peripheral,0.4,43,"Низкая активность: 1 входящих, 0 исходящих связей.",0.05650527462021017
100000001870116100,peripheral,0.4,43,"Низкая активность: 1 входящих, 0 исходящих связей.",0.05623558627574479
100000008776576100,peripheral,0.4,43,"Низкая активность: 1 входящих, 0 исходящих связей.",0.05613860139018646
100000008679986100,peripheral,0.4,43,"Низкая активность: 1 входящих, 0 исходящих связей.",0.05618307686288159
100000005074393100,coordinator,0.75,26,"Признаки координации: 4 вх./6 исх., betweenness=0.000 (топ по посредничеству среди узлов со смешанной активностью). Входит в короткий возвратный цикл переводов (≤4 шага).",0.45240688811434027
100000002992171100,peripheral,0.4,43,"Низкая активность: 1 входящих, 0 исходящих связей.",0.05613715213039144
100000002916006100,peripheral,0.4,13,"Низкая активность: 0 входящих, 1 исходящих связей.",0.05598354109400144
100000008516839100,peripheral,0.4,13,"Низкая активность: 3 входящих, 0 исходящих связей.",0.09860199677633202
100000006443391100,peripheral,0.4,11,"Низкая активность: 3 входящих, 2 исходящих связей. Входит в короткий возвратный цикл переводов (≤4 шага).",0.16954929239647917
100000001111763100,peripheral,0.4,43,"Низкая активность: 1 входящих, 0 исходящих связей.",0.05616358536882678
100000000922570100,peripheral,0.4,2,"Низкая активность: 1 входящих, 1 исходящих связей.",0.05807177318075441
100000006658598100,peripheral,0.4,21,"Низкая активность: 1 входящих, 0 исходящих связей.",0.05603195864946257
100000008717340100,peripheral,0.4,43,"Низкая активность: 1 входящих, 0 исходящих связей.",0.05641936922076598
100000005844459100,peripheral,0.4,32,"Низкая активность: 2 входящих, 0 исходящих связей.",0.06030598805210642
100000008661585100,peripheral,0.4,43,"Низкая активность: 1 входящих, 0 исходящих связей.",0.056436602810067675
100000004005964100,coordinator,0.75,25,"Признаки координации: 3 вх./3 исх., betweenness=0.000 (топ по посредничеству среди узлов со смешанной активностью). Входит в короткий возвратный цикл переводов (≤4 шага).",0.4104156355281555
100000002861485100,peripheral,0.4,21,"Низкая активность: 1 входящих, 0 исходящих связей.",0.05614129086942216
100000001746925100,peripheral,0.4,65,"Низкая активность: 1 входящих, 1 исходящих связей.",0.05965594321500042
100000002757797100,peripheral,0.4,2,"Низкая активность: 1 входящих, 0 исходящих связей.",0.056813906864374084
100000004315838100,peripheral,0.4,65,"Низкая активность: 2 входящих, 1 исходящих связей.",0.05992913568371293
100000008654653100,peripheral,0.4,21,"Низкая активность: 0 входящих, 1 исходящих связей.",0.05598354109400144
100000002858835100,peripheral,0.4,43,"Низкая активность: 1 входящих, 0 исходящих связей.",0.056239787028773844
100000005961971100,peripheral,0.4,43,"Низкая активность: 1 входящих, 0 исходящих связей.",0.056480836739463636
100000008717341100,peripheral,0.4,43,"Низкая активность: 1 входящих, 0 исходящих связей.",0.05613715213039144
100000004480280100,peripheral,0.4,65,"Низкая активность: 1 входящих, 2 исходящих связей.",0.0612407860711324
100000008470470100,peripheral,0.4,43,"Низкая активность: 1 входящих, 0 исходящих связей.",0.05633584774866578
100000005228059100,peripheral,0.4,43,"Низкая активность: 1 входящих, 0 исходящих связей.",0.05625659004089007
100000008003034100,peripheral,0.4,26,"Низкая активность: 1 входящих, 4 исходящих связей.",0.08502129470169559
100000005505655100,peripheral,0.4,47,"Низкая активность: 2 входящих, 1 исходящих связей. Входит в короткий возвратный цикл переводов (≤4 шага).",0.06416767559487152
100000004741837100,peripheral,0.4,21,"Низкая активность: 1 входящих, 0 исходящих связей.",0.05612124062173287
100000001103905100,peripheral,0.4,43,"Низкая активность: 1 входящих, 0 исходящих связей.",0.056172574980308955
100000005316708100,peripheral,0.4,33,"Низкая активность: 1 входящих, 2 исходящих связей.",0.059993106668702834
100000002592567100,peripheral,0.4,21,"Низкая активность: 1 входящих, 2 исходящих связей.",0.06742141097724266
100000001363952100,peripheral,0.4,57,"Низкая активность: 2 входящих, 1 исходящих связей.",0.06066444383429378
100000000978041100,peripheral,0.4,43,"Низкая активность: 1 входящих, 0 исходящих связей.",0.0564502972649424
100000000961900100,peripheral,0.4,32,"Низкая активность: 2 входящих, 0 исходящих связей.",0.05811632504889634
100000008696919100,peripheral,0.4,43,"Низкая активность: 1 входящих, 0 исходящих связей.",0.05631902373278441
100000002671806100,peripheral,0.4,2,"Низкая активность: 1 входящих, 0 исходящих связей.",0.0560868385958358
100000000706545100,peripheral,0.4,21,"Низкая активность: 3 входящих, 1 исходящих связей. Входит в короткий возвратный цикл переводов (≤4 шага).",0.20844419172547157
100000005386383100,peripheral,0.4,13,"Низкая активность: 2 входящих, 1 исходящих связей.",0.07163765621163508
100000001660397100,peripheral,0.4,32,"Низкая активность: 2 входящих, 3 исходящих связей. Входит в короткий возвратный цикл переводов (≤4 шага).",0.06884659641247899
100000008686313100,coordinator,0.75,32,"Признаки координации: 6 вх./7 исх., betweenness=0.002 (топ по посредничеству среди узлов со смешанной активностью). Входит в короткий возвратный цикл переводов (≤4 шага).",0.4475320768086132
100000006008169100,peripheral,0.4,2,"Низкая активность: 1 входящих, 0 исходящих связей.",0.05656479713326229
100000008716222100,peripheral,0.4,43,"Низкая активность: 1 входящих, 0 исходящих связей.",0.056172574980308955
100000007639767100,coordinator,0.75,38,"Признаки координации: 4 вх./10 исх., betweenness=0.003 (топ по посредничеству среди узлов со смешанной активностью). Входит в короткий возвратный цикл переводов (≤4 шага).",0.44677254238500425
100000003042994100,peripheral,0.4,21,"Низкая активность: 1 входящих, 0 исходящих связей.",0.05752260606862923
100000004058740100,peripheral,0.4,43,"Низкая активность: 1 входящих, 0 исходящих связей.",0.05629859757118062
100000008673001100,peripheral,0.4,13,"Низкая активность: 1 входящих, 0 исходящих связей.",0.06516051797934674
100000003975102100,peripheral,0.4,21,"Низкая активность: 1 входящих, 2 исходящих связей.",0.062436155602419705
100000008716773100,peripheral,0.4,43,"Низкая активность: 1 входящих, 0 исходящих связей.",0.056148179107092716
100000001716579100,peripheral,0.4,43,"Низкая активность: 1 входящих, 0 исходящих связей.",0.056129685291882295
100000008782800100,peripheral,0.4,43,"Низкая активность: 1 входящих, 0 исходящих связей.",0.05643912326188512
100000004784224100,peripheral,0.4,29,"Низкая активность: 1 входящих, 1 исходящих связей.",0.05864277747388904
100000004408683100,peripheral,0.4,21,"Низкая активность: 2 входящих, 0 исходящих связей.",0.06266925724542612
100000001380054100,peripheral,0.4,24,"Низкая активность: 2 входящих, 3 исходящих связей. Входит в короткий возвратный цикл переводов (≤4 шага).",0.08435248294673711
100000005473151100,coordinator,0.75,11,"Признаки координации: 3 вх./4 исх., betweenness=0.000 (топ по посредничеству среди узлов со смешанной активностью). Входит в короткий возвратный цикл переводов (≤4 шага).",0.4179844907028146
100000008741372100,peripheral,0.4,43,"Низкая активность: 1 входящих, 0 исходящих связей.",0.05636134631955215
100000008749063100,peripheral,0.4,43,"Низкая активность: 1 входящих, 0 исходящих связей.",0.05618307686288159
100000001477796100,peripheral,0.4,65,"Низкая активность: 1 входящих, 0 исходящих связей.",0.058239775967734456
100000005807278100,peripheral,0.4,3,"Низкая активность: 1 входящих, 0 исходящих связей.",0.05635310580508866
100000008686234100,peripheral,0.4,32,"Низкая активность: 1 входящих, 0 исходящих связей.",0.05635702859816011
100000002591469100,peripheral,0.4,10,"Низкая активность: 1 входящих, 0 исходящих связей.",0.05665971421407626
100000006030946100,peripheral,0.4,43,"Низкая активность: 1 входящих, 0 исходящих связей.",0.05675321356586761
100000008443341100,peripheral,0.4,32,"Низкая активность: 2 входящих, 3 исходящих связей. Входит в короткий возвратный цикл переводов (≤4 шага).",0.085956373666636
100000004744306100,peripheral,0.4,13,"Низкая активность: 1 входящих, 2 исходящих связей.",0.06857682866806868
100000002731501100,coordinator,0.75,25,"Признаки координации: 3 вх./7 исх., betweenness=0.000 (топ по посредничеству среди узлов со смешанной активностью). Входит в короткий возвратный цикл переводов (≤4 шага).",0.42129527013106505
100000003123296100,peripheral,0.4,2,"Низкая активность: 1 входящих, 0 исходящих связей.",0.05669931638806266
100000005852946100,peripheral,0.4,65,"Низкая активность: 1 входящих, 0 исходящих связей.",0.056221450997649504
100000000703902100,peripheral,0.4,43,"Низкая активность: 1 входящих, 0 исходящих связей.",0.056251328597721174
100000002750332100,peripheral,0.4,11,"Низкая активность: 1 входящих, 0 исходящих связей.",0.05604458391933559
100000002621949100,peripheral,0.4,65,"Низкая активность: 1 входящих, 0 исходящих связей.",0.05763277991566885
100000004218576100,peripheral,0.4,43,"Низкая активность: 1 входящих, 0 исходящих связей.",0.05625810231198053
100000004390333100,distributor,0.9,32,Признаки распределения: 9 получателей против 2 входящих (выход в 4.5× больше входа). Входит в короткий возвратный цикл переводов (≤4 шага).,0.3551791215510969
100000001550388100,peripheral,0.4,32,"Низкая активность: 1 входящих, 0 исходящих связей.",0.05645300600445278
100000008221543100,peripheral,0.4,54,"Низкая активность: 2 входящих, 0 исходящих связей.",0.0619772809393474
100000004213658100,peripheral,0.4,43,"Низкая активность: 1 входящих, 0 исходящих связей.",0.056249732311570134
100000001554432100,peripheral,0.4,65,"Низкая активность: 1 входящих, 0 исходящих связей.",0.056523762689415544
100000002597003100,peripheral,0.4,32,"Низкая активность: 1 входящих, 1 исходящих связей.",0.05805865327474687
100000003831324100,peripheral,0.4,10,"Низкая активность: 2 входящих, 0 исходящих связей.",0.0591606758576855
100000008773876100,peripheral,0.4,43,"Низкая активность: 1 входящих, 0 исходящих связей.",0.05625785026679878
100000005588444100,peripheral,0.4,10,"Низкая активность: 1 входящих, 0 исходящих связей.",0.05601883166716273
100000002681449100,peripheral,0.4,6,"Низкая активность: 2 входящих, 2 исходящих связей.",0.06174364626347874
100000003888271100,peripheral,0.4,17,"Низкая активность: 1 входящих, 2 исходящих связей. Входит в короткий возвратный цикл переводов (≤4 шага).",0.059668842429424225
100000008664469100,peripheral,0.4,65,"Низкая активность: 1 входящих, 0 исходящих связей.",0.05623401475656362
100000002648315100,peripheral,0.4,10,"Низкая активность: 1 входящих, 2 исходящих связей.",0.05975651220671961
100000004193835100,peripheral,0.4,21,"Низкая активность: 1 входящих, 1 исходящих связей.",0.06697740921034434
100000006069103100,coordinator,0.75,21,"Признаки координации: 3 вх./3 исх., betweenness=0.000 (топ по посредничеству среди узлов со смешанной активностью). Входит в короткий возвратный цикл переводов (≤4 шага).",0.4484384553323864
100000005744674100,peripheral,0.4,13,"Низкая активность: 0 входящих, 1 исходящих связей.",0.05598354109400144
100000000998559100,peripheral,0.4,65,"Низкая активность: 1 входящих, 0 исходящих связей.",0.05698543574425015
100000003404627100,peripheral,0.4,6,"Низкая активность: 4 входящих, 0 исходящих связей.",0.11575759920837342
100000004206046100,peripheral,0.4,21,"Низкая активность: 1 входящих, 0 исходящих связей.",0.05604312158586054
100000007507343100,peripheral,0.4,20,"Низкая активность: 1 входящих, 0 исходящих связей.",0.07379863911564861
100000006831291100,peripheral,0.4,16,"Низкая активность: 0 входящих, 1 исходящих связей.",0.05598354109400144
100000003835149100,peripheral,0.4,29,"Низкая активность: 1 входящих, 2 исходящих связей.",0.06956708089765214
100000006579678100,distributor,0.9,21,Признаки распределения: 6 получателей против 2 входящих (выход в 3.0× больше входа). Входит в короткий возвратный цикл переводов (≤4 шага).,0.3698625052363712
100000004759121100,consolidator,0.9,32,"Признаки консолидации: получает от 6 плательщиков, отдаёт 2 (вход в 3.0× больше выхода). Входит в короткий возвратный цикл переводов (≤4 шага).",0.48522689272449726
100000000667713100,distributor,0.9,21,Признаки распределения: 6 получателей против 2 входящих (выход в 3.0× больше входа). Входит в короткий возвратный цикл переводов (≤4 шага).,0.35113122525320917
100000008071620100,peripheral,0.4,32,"Низкая активность: 1 входящих, 0 исходящих связей.",0.056424537652283016
100000005496254100,peripheral,0.4,32,"Низкая активность: 1 входящих, 0 исходящих связей.",0.05610278518125608
100000008691495100,peripheral,0.4,43,"Низкая активность: 1 входящих, 0 исходящих связей.",0.05626709192346271
100000007536804100,peripheral,0.4,10,"Низкая активность: 1 входящих, 2 исходящих связей.",0.05966911183547939
100000002720627100,peripheral,0.4,0,"Низкая активность: 1 входящих, 0 исходящих связей.",0.05749600996212253
100000008066326100,peripheral,0.4,32,"Низкая активность: 1 входящих, 0 исходящих связей.",0.05616494233539984
100000004318918100,peripheral,0.4,0,"Низкая активность: 1 входящих, 0 исходящих связей.",0.05655726235054913
100000002580377100,peripheral,0.4,21,"Низкая активность: 1 входящих, 1 исходящих связей.",0.05809554744296457
100000008560717100,consolidator,0.9,18,"Признаки консолидации: получает от 7 плательщиков, отдаёт 1 (вход в 7.0× больше выхода).",0.4303268079534589
100000008693069100,peripheral,0.4,43,"Низкая активность: 1 входящих, 0 исходящих связей.",0.056193578745454234
100000004226848100,peripheral,0.4,65,"Низкая активность: 1 входящих, 0 исходящих связей.",0.05900792039892121
100000008522127100,peripheral,0.4,49,"Низкая активность: 0 входящих, 1 исходящих связей.",0.05598354109400144
100000002781227100,peripheral,0.4,49,"Низкая активность: 2 входящих, 3 исходящих связей. Входит в короткий возвратный цикл переводов (≤4 шага).",0.16636736500570223
100000008701944100,peripheral,0.4,5,"Низкая активность: 1 входящих, 0 исходящих связей.",0.062285570646792444
100000004130144100,peripheral,0.4,10,"Низкая активность: 1 входящих, 0 исходящих связей.",0.05655737155190852
100000002589019100,peripheral,0.4,2,"Низкая активность: 1 входящих, 0 исходящих связей.",0.05627176105289779
100000001307612100,peripheral,0.4,43,"Низкая активность: 1 входящих, 0 исходящих связей.",0.05638768504104433
100000001609499100,peripheral,0.4,32,"Низкая активность: 3 входящих, 2 исходящих связей. Входит в короткий возвратный цикл переводов (≤4 шага).",0.06658291172448405
100000006789108100,peripheral,0.4,0,"Низкая активность: 1 входящих, 0 исходящих связей.",0.05626812505062232
100000008663007100,peripheral,0.4,43,"Низкая активность: 1 входящих, 0 исходящих связей.",0.0561305674500184
100000002662768100,peripheral,0.4,65,"Низкая активность: 1 входящих, 0 исходящих связей.",0.05702859933496679
100000005287097100,distributor,0.9,21,Признаки распределения: 9 получателей против 2 входящих (выход в 4.5× больше входа). Входит в короткий возвратный цикл переводов (≤4 шага).,0.36251092292196946
100000002666248100,peripheral,0.4,65,"Низкая активность: 1 входящих, 0 исходящих связей.",0.05668518795546362
100000001937767100,peripheral,0.4,19,"Низкая активность: 1 входящих, 4 исходящих связей. Входит в короткий возвратный цикл переводов (≤4 шага).",0.09374460506547869
100000007175718100,peripheral,0.4,3,"Низкая активность: 1 входящих, 0 исходящих связей.",0.05686503116218801
100000001164648100,peripheral,0.4,22,"Низкая активность: 2 входящих, 0 исходящих связей.",0.05790728416340133
100000002830055100,peripheral,0.4,43,"Низкая активность: 1 входящих, 0 исходящих связей.",0.0561305674500184
100000004707703100,distributor,0.9,21,Признаки распределения: 5 получателей против 2 входящих (выход в 2.5× больше входа).,0.3648576933541232
100000002845605100,peripheral,0.4,32,"Низкая активность: 1 входящих, 0 исходящих связей.",0.05652405482400048
100000003235780100,peripheral,0.4,32,"Низкая активность: 2 входящих, 0 исходящих связей.",0.057960195937882486
100000003066385100,peripheral,0.4,32,"Низкая активность: 2 входящих, 0 исходящих связей.",0.05797719116256665
100000008746025100,peripheral,0.4,43,"Низкая активность: 1 входящих, 0 исходящих связей.",0.05621458251059951
100000004388209100,peripheral,0.4,43,"Низкая активность: 1 входящих, 0 исходящих связей.",0.05610746330835859
100000007648946100,peripheral,0.4,26,"Низкая активность: 1 входящих, 1 исходящих связей.",0.05789445275548242
100000000089154100,distributor,0.9,32,Признаки распределения: 15 получателей против 1 входящих (выход в 15.0× больше входа). Входит в короткий возвратный цикл переводов (≤4 шага).,0.3627143116335079
100000005124479100,peripheral,0.4,32,"Низкая активность: 2 входящих, 2 исходящих связей.",0.062481453493178955
100000008691027100,peripheral,0.4,43,"Низкая активность: 1 входящих, 0 исходящих связей.",0.0561676811030301
100000003001564100,peripheral,0.4,21,"Низкая активность: 1 входящих, 1 исходящих связей.",0.05801899390805216
100000002809568100,peripheral,0.4,32,"Низкая активность: 1 входящих, 0 исходящих связей.",0.05607743407609171
100000008720798100,peripheral,0.4,43,"Низкая активность: 1 входящих, 0 исходящих связей.",0.05614667733788482
100000005897462100,peripheral,0.4,0,"Низкая активность: 1 входящих, 0 исходящих связей.",0.056730289396174624
100000008776298100,peripheral,0.4,43,"Низкая активность: 1 входящих, 0 исходящих связей.",0.05643302166811041
100000008735384100,peripheral,0.4,43,"Низкая активность: 1 входящих, 0 исходящих связей.",0.05639542492850036
100000005363908100,peripheral,0.4,41,"Низкая активность: 1 входящих, 1 исходящих связей.",0.06032773165857515
100000003299365100,peripheral,0.4,65,"Низкая активность: 1 входящих, 1 исходящих связей. Входит в короткий возвратный цикл переводов (≤4 шага).",0.05968224564873615
100000005543136100,peripheral,0.4,65,"Низкая активность: 0 входящих, 1 исходящих связей.",0.05598354109400144
100000005493505100,peripheral,0.4,65,"Низкая активность: 3 входящих, 0 исходящих связей.",0.07597771863768443
100000002645609100,peripheral,0.4,32,"Низкая активность: 4 входящих, 0 исходящих связей.",0.06456019952027453
100000003163256100,peripheral,0.4,21,"Низкая активность: 1 входящих, 1 исходящих связей.",0.05796500833371301
100000008729801100,peripheral,0.4,43,"Низкая активность: 1 входящих, 0 исходящих связей.",0.0561676811030301
100000004662806100,peripheral,0.4,2,"Низкая активность: 2 входящих, 2 исходящих связей.",0.062495443043814575
100000004360785100,peripheral,0.4,21,"Низкая активность: 1 входящих, 0 исходящих связей.",0.05649302827066205
100000002778085100,peripheral,0.4,21,"Низкая активность: 1 входящих, 0 исходящих связей.",0.056339722150886985
100000000703894100,peripheral,0.4,24,"Низкая активность: 1 входящих, 1 исходящих связей.",0.06728186490821965
100000005079754100,peripheral,0.4,65,"Низкая активность: 1 входящих, 2 исходящих связей.",0.06113369834362964
100000008244300100,consolidator,0.9,32,"Признаки консолидации: получает от 5 плательщиков, отдаёт 0 (вход в 5.0× больше выхода).",0.43245992880941275
100000005339662100,coordinator,0.75,44,"Признаки координации: 4 вх./4 исх., betweenness=0.000 (топ по посредничеству среди узлов со смешанной активностью). Входит в короткий возвратный цикл переводов (≤4 шага).",0.4780101194720492
100000003616818100,coordinator,0.75,25,"Признаки координации: 3 вх./3 исх., betweenness=0.000 (топ по посредничеству среди узлов со смешанной активностью). Входит в короткий возвратный цикл переводов (≤4 шага).",0.41585997827044185
100000008438656100,peripheral,0.4,65,"Низкая активность: 2 входящих, 1 исходящих связей.",0.06022970407878754
100000008169544100,peripheral,0.4,21,"Низкая активность: 1 входящих, 4 исходящих связей. Входит в короткий возвратный цикл переводов (≤4 шага).",0.06481806053763714
100000004325327100,peripheral,0.4,32,"Низкая активность: 2 входящих, 1 исходящих связей.",0.060312899327869415
100000002488629100,peripheral,0.4,34,"Низкая активность: 1 входящих, 0 исходящих связей.",0.05667629486808671
100000001380986100,peripheral,0.4,11,"Низкая активность: 1 входящих, 0 исходящих связей.",0.056313924657541765
100000004467157100,peripheral,0.4,39,"Низкая активность: 1 входящих, 1 исходящих связей. Входит в короткий возвратный цикл переводов (≤4 шага).",0.06273162304063071
100000004331458100,peripheral,0.4,41,"Низкая активность: 2 входящих, 0 исходящих связей.",0.1096088269170607
100000003134934100,peripheral,0.4,32,"Низкая активность: 4 входящих, 0 исходящих связей.",0.06801872052877178
100000001290243100,peripheral,0.4,21,"Низкая активность: 1 входящих, 0 исходящих связей.",0.05770374835883943
100000008346837100,coordinator,0.75,26,"Признаки координации: 9 вх./25 исх., betweenness=0.009 (топ по посредничеству среди узлов со смешанной активностью). Входит в короткий возвратный цикл переводов (≤4 шага).",0.5650169956557056
100000000331309100,distributor,0.75,18,Признаки распределения: 99 получателей против 5 входящих (выход в 19.8× больше входа). Входит в короткий возвратный цикл переводов (≤4 шага).,0.5908290155806378
100000005614315100,peripheral,0.4,21,"Низкая активность: 1 входящих, 0 исходящих связей.",0.07046999961250766
100000003824464100,peripheral,0.4,42,"Низкая активность: 1 входящих, 0 исходящих связей.",0.05786879960890934
100000004435304100,peripheral,0.4,43,"Низкая активность: 1 входящих, 0 исходящих связей.",0.05642878259729747
100000002432143100,peripheral,0.4,65,"Низкая активность: 1 входящих, 0 исходящих связей.",0.05846967924585299
100000008473207100,peripheral,0.4,65,"Низкая активность: 1 входящих, 0 исходящих связей.",0.06952498653635227
100000008461532100,distributor,0.9,27,Признаки распределения: 8 получателей против 2 входящих (выход в 4.0× больше входа). Входит в короткий возвратный цикл переводов (≤4 шага).,0.3772585587345848
100000002738256100,peripheral,0.4,20,"Низкая активность: 1 входящих, 1 исходящих связей. Входит в короткий возвратный цикл переводов (≤4 шага).",0.06877339659244688
100000008717375100,peripheral,0.4,65,"Низкая активность: 1 входящих, 0 исходящих связей.",0.056794401469766866
100000000629812100,peripheral,0.4,40,"Низкая активность: 2 входящих, 0 исходящих связей.",0.058299633749758974
100000003031890100,peripheral,0.4,25,"Низкая активность: 1 входящих, 0 исходящих связей.",0.06131497925134291
100000000489417100,peripheral,0.4,26,"Низкая активность: 3 входящих, 1 исходящих связей.",0.07454355270143342
100000002826669100,peripheral,0.4,32,"Низкая активность: 1 входящих, 0 исходящих связей.",0.06552383354158903
100000006901046100,peripheral,0.4,21,"Низкая активность: 1 входящих, 1 исходящих связей. Входит в короткий возвратный цикл переводов (≤4 шага).",0.19349045641625207
100000005031696100,peripheral,0.4,45,"Низкая активность: 1 входящих, 2 исходящих связей.",0.07315736933214148
100000008406609100,peripheral,0.4,13,"Низкая активность: 1 входящих, 0 исходящих связей.",0.06323542447715735
100000002028158100,peripheral,0.4,44,"Низкая активность: 1 входящих, 0 исходящих связей.",0.05653750024354465
100000003191430100,peripheral,0.4,21,"Низкая активность: 1 входящих, 0 исходящих связей.",0.06825067972765207
100000008389800100,coordinator,0.75,21,"Признаки координации: 3 вх./7 исх., betweenness=0.000 (топ по посредничеству среди узлов со смешанной активностью). Входит в короткий возвратный цикл переводов (≤4 шага).",0.4239957699027477
100000000733373100,peripheral,0.4,21,"Низкая активность: 1 входящих, 0 исходящих связей.",0.05699486545916683
100000008335401100,peripheral,0.4,11,"Низкая активность: 1 входящих, 0 исходящих связей.",0.0692759212893022
100000008111003100,consolidator,0.9,32,"Признаки консолидации: получает от 6 плательщиков, отдаёт 1 (вход в 6.0× больше выхода). Входит в короткий возвратный цикл переводов (≤4 шага).",0.4451817063829846
100000003044431100,peripheral,0.4,32,"Низкая активность: 2 входящих, 0 исходящих связей.",0.058523521519467145
100000004993576100,peripheral,0.4,44,"Низкая активность: 1 входящих, 0 исходящих связей.",0.05864190827715415
100000008477350100,distributor,0.75,32,Признаки распределения: 39 получателей против 11 входящих (выход в 3.5× больше входа). Входит в короткий возвратный цикл переводов (≤4 шага).,0.4845218222784004
100000005602999100,peripheral,0.4,30,"Низкая активность: 1 входящих, 2 исходящих связей. Входит в короткий возвратный цикл переводов (≤4 шага).",0.06080561689633166
100000003157333100,peripheral,0.4,34,"Низкая активность: 1 входящих, 0 исходящих связей.",0.05626803956385166
100000002224132100,coordinator,0.75,29,"Признаки координации: 5 вх./4 исх., betweenness=0.000 (топ по посредничеству среди узлов со смешанной активностью). Входит в короткий возвратный цикл переводов (≤4 шага).",0.6953237341950279
100000002863356100,peripheral,0.4,43,"Низкая активность: 1 входящих, 1 исходящих связей.",0.058458627878162625
100000002170580100,peripheral,0.4,0,"Низкая активность: 1 входящих, 0 исходящих связей.",0.059559516065784954
100000006385877100,peripheral,0.4,11,"Низкая активность: 1 входящих, 1 исходящих связей. Входит в короткий возвратный цикл переводов (≤4 шага).",0.14817922751865337
100000002870463100,peripheral,0.4,34,"Низкая активность: 3 входящих, 1 исходящих связей. Входит в короткий возвратный цикл переводов (≤4 шага).",0.14356332376313602
100000008672762100,peripheral,0.4,43,"Низкая активность: 1 входящих, 0 исходящих связей.",0.056204462450598715
100000003971049100,peripheral,0.4,32,"Низкая активность: 1 входящих, 0 исходящих связей.",0.0564186430001769
100000006557763100,peripheral,0.4,65,"Низкая активность: 1 входящих, 0 исходящих связей.",0.059066027853310284
100000007289427100,peripheral,0.4,65,"Низкая активность: 1 входящих, 0 исходящих связей.",0.06038955729911571
100000005032294100,peripheral,0.4,19,"Низкая активность: 1 входящих, 0 исходящих связей.",0.061328241172701775
100000002156381100,peripheral,0.4,30,"Низкая активность: 2 входящих, 1 исходящих связей. Входит в короткий возвратный цикл переводов (≤4 шага).",0.09963413118940823
100000005168487100,peripheral,0.4,0,"Низкая активность: 1 входящих, 1 исходящих связей. Входит в короткий возвратный цикл переводов (≤4 шага).",0.1340816902992282
100000001961048100,peripheral,0.4,64,"Низкая активность: 1 входящих, 0 исходящих связей.",0.05692121015581091
100000007777377100,peripheral,0.4,21,"Низкая активность: 1 входящих, 2 исходящих связей.",0.06466839366121747
100000001339466100,peripheral,0.4,65,"Низкая активность: 1 входящих, 0 исходящих связей.",0.05690082241924491
100000003254723100,peripheral,0.4,65,"Низкая активность: 1 входящих, 0 исходящих связей.",0.06821595843137473
100000003278020100,peripheral,0.4,32,"Низкая активность: 1 входящих, 0 исходящих связей.",0.05793402809290551
100000000723383100,peripheral,0.4,68,"Низкая активность: 1 входящих, 2 исходящих связей.",0.06722531500111312
100000000332284100,consolidator,0.75,18,"Признаки консолидации: получает от 10 плательщиков, отдаёт 3 (вход в 3.3× больше выхода).",0.459129325666714
100000007982908100,peripheral,0.4,43,"Низкая активность: 1 входящих, 0 исходящих связей.",0.05651171307577398
100000008547844100,distributor,0.75,35,Признаки распределения: 19 получателей против 3 входящих (выход в 6.3× больше входа). Входит в короткий возвратный цикл переводов (≤4 шага).,0.3944212964046806
100000001232297100,peripheral,0.4,26,"Низкая активность: 1 входящих, 2 исходящих связей. Входит в короткий возвратный цикл переводов (≤4 шага).",0.059702732751879935
100000002710570100,peripheral,0.4,31,"Низкая активность: 1 входящих, 0 исходящих связей.",0.06867062948167277
100000001648936100,peripheral,0.4,34,"Низкая активность: 1 входящих, 0 исходящих связей.",0.056863020697131735
100000005782781100,coordinator,0.75,10,"Признаки координации: 6 вх./10 исх., betweenness=0.001 (топ по посредничеству среди узлов со смешанной активностью). Входит в короткий возвратный цикл переводов (≤4 шага).",0.43783943719887053
100000005413948100,peripheral,0.4,35,"Низкая активность: 2 входящих, 1 исходящих связей. Входит в короткий возвратный цикл переводов (≤4 шага).",0.13799529299952737
100000002459093100,peripheral,0.4,34,"Низкая активность: 1 входящих, 1 исходящих связей.",0.06287941765971533
100000008545727100,distributor,0.9,11,Признаки распределения: 6 получателей против 1 входящих (выход в 6.0× больше входа). Входит в короткий возвратный цикл переводов (≤4 шага).,0.3503057709513511
100000000437046100,distributor,0.75,32,Признаки распределения: 42 получателей против 9 входящих (выход в 4.7× больше входа). Входит в короткий возвратный цикл переводов (≤4 шага).,0.4705571591714984
100000008758168100,distributor,0.9,52,Признаки распределения: 5 получателей против 2 входящих (выход в 2.5× больше входа).,0.3484178480160503
100000006595426100,peripheral,0.4,32,"Низкая активность: 1 входящих, 0 исходящих связей.",0.058422800043806976
100000008688476100,peripheral,0.4,43,"Низкая активность: 1 входящих, 0 исходящих связей.",0.056391395906181016
100000001083990100,peripheral,0.4,2,"Низкая активность: 1 входящих, 0 исходящих связей.",0.06681847134036774
100000008762728100,peripheral,0.4,21,"Низкая активность: 1 входящих, 0 исходящих связей.",0.05759127299328303
100000008060273100,peripheral,0.4,65,"Низкая активность: 1 входящих, 0 исходящих связей.",0.05665390968025644
100000006755850100,peripheral,0.4,18,"Низкая активность: 1 входящих, 0 исходящих связей.",0.07417844448478025
100000004962193100,consolidator,0.9,32,"Признаки консолидации: получает от 8 плательщиков, отдаёт 0 (вход в 8.0× больше выхода).",0.4464484628366636
100000008289539100,peripheral,0.4,44,"Низкая активность: 1 входящих, 0 исходящих связей.",0.05622091577325398
100000000790311100,peripheral,0.4,44,"Низкая активность: 1 входящих, 0 исходящих связей.",0.05672056145675576
100000003321423100,peripheral,0.4,30,"Низкая активность: 1 входящих, 0 исходящих связей.",0.07527394267829499
100000001857829100,coordinator,0.75,57,"Признаки координации: 6 вх./16 исх., betweenness=0.002 (топ по посредничеству среди узлов со смешанной активностью). Входит в короткий возвратный цикл переводов (≤4 шага).",0.47015317463566775
100000005242320100,distributor,0.9,33,Признаки распределения: 21 получателей против 2 входящих (выход в 10.5× больше входа).,0.3843379904910788
100000008752616100,distributor,0.9,35,Признаки распределения: 7 получателей против 2 входящих (выход в 3.5× больше входа).,0.35246342212438175
100000001904863100,peripheral,0.4,19,"Низкая активность: 1 входящих, 0 исходящих связей.",0.06580198246537061
100000008730846100,peripheral,0.45,0,"Смешанная активность без выраженной посреднической роли: 7 вх./3 исх., betweenness=0.000",0.08534008456531032
100000008213966100,peripheral,0.4,48,"Низкая активность: 3 входящих, 1 исходящих связей. Входит в короткий возвратный цикл переводов (≤4 шага).",0.1440070210196033
100000003509750100,coordinator,0.75,34,"Признаки координации: 3 вх./3 исх., betweenness=0.000 (топ по посредничеству среди узлов со смешанной активностью). Входит в короткий возвратный цикл переводов (≤4 шага).",0.47460398391964
100000001330595100,peripheral,0.4,25,"Низкая активность: 3 входящих, 1 исходящих связей.",0.08059540793581178
100000002293421100,peripheral,0.4,32,"Низкая активность: 2 входящих, 2 исходящих связей. Входит в короткий возвратный цикл переводов (≤4 шага).",0.09577445987289561
100000002199091100,peripheral,0.4,43,"Низкая активность: 1 входящих, 0 исходящих связей.",0.057088147876987766
100000008531133100,peripheral,0.4,21,"Низкая активность: 1 входящих, 3 исходящих связей.",0.07369600983263835
100000002964966100,peripheral,0.4,65,"Низкая активность: 1 входящих, 0 исходящих связей.",0.061479781694322846
100000008106997100,peripheral,0.4,32,"Низкая активность: 2 входящих, 1 исходящих связей.",0.06057814218777834
100000008655035100,peripheral,0.4,10,"Низкая активность: 1 входящих, 0 исходящих связей.",0.06872127033247645
100000006567935100,peripheral,0.4,64,"Низкая активность: 1 входящих, 0 исходящих связей.",0.0572337665097474
100000002911170100,peripheral,0.4,64,"Низкая активность: 1 входящих, 0 исходящих связей.",0.057858879217620375
100000007242833100,peripheral,0.4,2,"Низкая активность: 1 входящих, 1 исходящих связей.",0.06931874343408191
100000005608515100,peripheral,0.4,10,"Низкая активность: 1 входящих, 0 исходящих связей.",0.056363328229215616
100000002680477100,peripheral,0.4,33,"Низкая активность: 1 входящих, 0 исходящих связей.",0.056433323949036024
100000005942793100,peripheral,0.4,32,"Низкая активность: 4 входящих, 0 исходящих связей.",0.06340309591585883
100000002628146100,peripheral,0.4,9,"Низкая активность: 1 входящих, 0 исходящих связей.",0.05766705701221616
100000002489253100,peripheral,0.4,21,"Низкая активность: 1 входящих, 0 исходящих связей.",0.056797880049786864
100000008104567100,coordinator,0.75,11,"Признаки координации: 3 вх./3 исх., betweenness=0.002 (топ по посредничеству среди узлов со смешанной активностью). Входит в короткий возвратный цикл переводов (≤4 шага).",0.43964930342560027
100000003166755100,peripheral,0.4,65,"Низкая активность: 1 входящих, 0 исходящих связей.",0.056172931600944394
100000008701256100,peripheral,0.4,38,"Низкая активность: 1 входящих, 0 исходящих связей.",0.05689285477212563
100000003360542100,peripheral,0.4,0,"Низкая активность: 2 входящих, 2 исходящих связей. Входит в короткий возвратный цикл переводов (≤4 шага).",0.11966414246685332
100000004285800100,peripheral,0.4,32,"Низкая активность: 1 входящих, 1 исходящих связей.",0.060612985220050986
100000004698193100,peripheral,0.4,34,"Низкая активность: 2 входящих, 3 исходящих связей. Входит в короткий возвратный цикл переводов (≤4 шага).",0.08979232589747156
100000004732589100,peripheral,0.4,0,"Низкая активность: 1 входящих, 0 исходящих связей.",0.061407579931202674
100000000795129100,peripheral,0.4,44,"Низкая активность: 1 входящих, 0 исходящих связей.",0.061268438727574495
100000007898453100,peripheral,0.4,65,"Низкая активность: 1 входящих, 2 исходящих связей. Входит в короткий возвратный цикл переводов (≤4 шага).",0.06201435694486687
100000001641951100,peripheral,0.4,65,"Низкая активность: 1 входящих, 0 исходящих связей.",0.05765946255963893
100000008497298100,peripheral,0.4,11,"Низкая активность: 1 входящих, 0 исходящих связей.",0.05880853949964762
100000003854444100,distributor,0.9,37,Признаки распределения: 14 получателей против 1 входящих (выход в 14.0× больше входа).,0.38075081689773244
100000003336565100,peripheral,0.4,43,"Низкая активность: 1 входящих, 0 исходящих связей.",0.056264790974900274
100000001848426100,peripheral,0.4,34,"Низкая активность: 1 входящих, 0 исходящих связей.",0.0568894790548278
100000007953156100,peripheral,0.4,19,"Низкая активность: 1 входящих, 1 исходящих связей.",0.06751954159114507
100000001420847100,peripheral,0.4,37,"Низкая активность: 1 входящих, 0 исходящих связей.",0.05684697574481358
100000008011159100,coordinator,0.75,67,"Признаки координации: 3 вх./5 исх., betweenness=0.000 (топ по посредничеству среди узлов со смешанной активностью). Входит в короткий возвратный цикл переводов (≤4 шага).",0.4192417344529642
100000002443664100,peripheral,0.4,33,"Низкая активность: 3 входящих, 0 исходящих связей.",0.062035319213766836
100000000971908100,peripheral,0.4,34,"Низкая активность: 1 входящих, 0 исходящих связей.",0.05682755322122374
100000000425407100,peripheral,0.4,65,"Низкая активность: 1 входящих, 0 исходящих связей.",0.056960500796052305
100000008205937100,peripheral,0.4,26,"Низкая активность: 1 входящих, 0 исходящих связей.",0.05828906913982883
100000004486525100,consolidator,0.9,32,"Признаки консолидации: получает от 8 плательщиков, отдаёт 2 (вход в 4.0× больше выхода).",0.45732071691768517
100000008733194100,coordinator,0.75,26,"Признаки координации: 4 вх./8 исх., betweenness=0.000 (топ по посредничеству среди узлов со смешанной активностью). Входит в короткий возвратный цикл переводов (≤4 шага).",0.4261239475844779
100000008672480100,peripheral,0.4,43,"Низкая активность: 1 входящих, 0 исходящих связей.",0.056204462450598715
100000002703376100,peripheral,0.4,32,"Низкая активность: 1 входящих, 0 исходящих связей.",0.056345485168045537
100000002723538100,distributor,0.75,57,Признаки распределения: 12 получателей против 3 входящих (выход в 4.0× больше входа). Входит в короткий возвратный цикл переводов (≤4 шага).,0.36468963666079174
100000002578405100,distributor,0.9,43,Признаки распределения: 116 получателей против 2 входящих (выход в 58.0× больше входа). Входит в короткий возвратный цикл переводов (≤4 шага).,0.5504246329040726
100000003275398100,peripheral,0.4,25,"Низкая активность: 1 входящих, 1 исходящих связей.",0.06511767238173846
100000008696692100,peripheral,0.4,43,"Низкая активность: 1 входящих, 0 исходящих связей.",0.056306426153643604
100000000596954100,peripheral,0.4,65,"Низкая активность: 1 входящих, 2 исходящих связей.",0.07142214033985991
100000006240939100,distributor,0.9,34,Признаки распределения: 5 получателей против 1 входящих (выход в 5.0× больше входа).,0.3461645202541781
100000002340562100,peripheral,0.4,10,"Низкая активность: 1 входящих, 0 исходящих связей.",0.0682566502345582
100000003086040100,peripheral,0.4,32,"Низкая активность: 1 входящих, 0 исходящих связей.",0.06911753226298727
100000008733049100,peripheral,0.4,44,"Низкая активность: 1 входящих, 0 исходящих связей.",0.056142724757663284
100000004158362100,peripheral,0.4,32,"Низкая активность: 1 входящих, 0 исходящих связей.",0.056274394915836655
100000000785800100,peripheral,0.4,7,"Низкая активность: 1 входящих, 1 исходящих связей. Входит в короткий возвратный цикл переводов (≤4 шага).",0.06123742146694368
100000002956898100,peripheral,0.4,44,"Низкая активность: 2 входящих, 0 исходящих связей.",0.06224530501974744
100000008603629100,distributor,0.75,57,Признаки распределения: 61 получателей против 19 входящих (выход в 3.2× больше входа). Входит в короткий возвратный цикл переводов (≤4 шага).,0.5793661590595529
100000005572303100,peripheral,0.4,21,"Низкая активность: 1 входящих, 1 исходящих связей.",0.05949280217250216
100000007998965100,consolidator,0.9,0,"Признаки консолидации: получает от 5 плательщиков, отдаёт 1 (вход в 5.0× больше выхода).",0.4340029980878392
100000000490383100,peripheral,0.45,21,"Смешанная активность без выраженной посреднической роли: 3 вх./8 исх., betweenness=0.000",0.0866405316662361
100000001287955100,peripheral,0.4,33,"Низкая активность: 1 входящих, 4 исходящих связей.",0.07075567113042512
100000004150593100,distributor,0.9,21,Признаки распределения: 11 получателей против 1 входящих (выход в 11.0× больше входа). Входит в короткий возвратный цикл переводов (≤4 шага).,0.3581490666531771
100000002605184100,peripheral,0.4,44,"Низкая активность: 1 входящих, 0 исходящих связей.",0.061262506474902265
100000003039473100,peripheral,0.4,21,"Низкая активность: 1 входящих, 0 исходящих связей.",0.05731671923458345
100000000831684100,peripheral,0.4,2,"Низкая активность: 1 входящих, 1 исходящих связей. Входит в короткий возвратный цикл переводов (≤4 шага).",0.13798754828689752
100000000607941100,peripheral,0.4,21,"Низкая активность: 2 входящих, 1 исходящих связей. Входит в короткий возвратный цикл переводов (≤4 шага).",0.07467595451046666
100000005809252100,peripheral,0.4,18,"Низкая активность: 1 входящих, 0 исходящих связей.",0.07007152654130482
100000002445750100,peripheral,0.4,32,"Низкая активность: 1 входящих, 1 исходящих связей.",0.07048969534091684
100000005142589100,peripheral,0.4,32,"Низкая активность: 1 входящих, 0 исходящих связей.",0.057224447388206
100000006564102100,peripheral,0.4,65,"Низкая активность: 1 входящих, 0 исходящих связей.",0.06311494475710679
100000002540623100,peripheral,0.4,0,"Низкая активность: 1 входящих, 0 исходящих связей.",0.05836752440852379
100000008141170100,peripheral,0.4,21,"Низкая активность: 1 входящих, 0 исходящих связей.",0.07281205075464357
100000008512552100,coordinator,0.75,54,"Признаки координации: 4 вх./6 исх., betweenness=0.000 (топ по посредничеству среди узлов со смешанной активностью). Входит в короткий возвратный цикл переводов (≤4 шага).",0.4230541726650578
100000002852402100,peripheral,0.4,44,"Низкая активность: 1 входящих, 0 исходящих связей.",0.05805742035078391
100000000533217100,peripheral,0.4,32,"Низкая активность: 1 входящих, 0 исходящих связей.",0.07439832129786844
100000003927792100,peripheral,0.4,44,"Низкая активность: 1 входящих, 0 исходящих связей.",0.05619154638730837
100000004979498100,peripheral,0.4,20,"Низкая активность: 1 входящих, 1 исходящих связей. Входит в короткий возвратный цикл переводов (≤4 шага).",0.10938590089514752
100000005932987100,peripheral,0.4,39,"Низкая активность: 1 входящих, 0 исходящих связей.",0.06229999945949141
100000005882013100,peripheral,0.4,26,"Низкая активность: 2 входящих, 1 исходящих связей. Входит в короткий возвратный цикл переводов (≤4 шага).",0.07142470171686724
100000002812641100,peripheral,0.4,11,"Низкая активность: 1 входящих, 1 исходящих связей. Входит в короткий возвратный цикл переводов (≤4 шага).",0.14665595913993995
100000002175422100,coordinator,0.75,31,"Признаки координации: 3 вх./6 исх., betweenness=0.000 (топ по посредничеству среди узлов со смешанной активностью). Входит в короткий возвратный цикл переводов (≤4 шага).",0.4393458492652672
100000006684930100,peripheral,0.4,26,"Низкая активность: 1 входящих, 0 исходящих связей.",0.05664226339280927
100000006977207100,distributor,0.9,57,Признаки распределения: 15 получателей против 1 входящих (выход в 15.0× больше входа).,0.3648902102345077
100000002748532100,peripheral,0.4,52,"Низкая активность: 3 входящих, 2 исходящих связей.",0.06578829973266878
100000005203590100,peripheral,0.4,34,"Низкая активность: 1 входящих, 0 исходящих связей.",0.05683703650355208
100000008144528100,consolidator,0.9,21,"Признаки консолидации: получает от 5 плательщиков, отдаёт 0 (вход в 5.0× больше выхода).",0.46128904827208483
100000000307908100,peripheral,0.4,8,"Низкая активность: 1 входящих, 0 исходящих связей.",0.05652715170064263
100000004527381100,peripheral,0.4,44,"Низкая активность: 1 входящих, 1 исходящих связей.",0.06575667887060992
100000004192865100,peripheral,0.4,24,"Низкая активность: 1 входящих, 0 исходящих связей.",0.06950515643372676
100000003823811100,peripheral,0.4,13,"Низкая активность: 1 входящих, 3 исходящих связей.",0.06602762459472578
100000001526235100,coordinator,0.75,47,"Признаки координации: 3 вх./8 исх., betweenness=0.000 (топ по посредничеству среди узлов со смешанной активностью). Входит в короткий возвратный цикл переводов (≤4 шага).",0.4454252100818772
100000004756901100,peripheral,0.4,21,"Низкая активность: 1 входящих, 0 исходящих связей.",0.05725359413399852
100000000955444100,peripheral,0.4,17,"Низкая активность: 1 входящих, 0 исходящих связей.",0.05933387612947029
100000006844768100,peripheral,0.4,32,"Низкая активность: 1 входящих, 2 исходящих связей. Входит в короткий возвратный цикл переводов (≤4 шага).",0.11410481681180108
100000008466579100,distributor,0.9,35,Признаки распределения: 17 получателей против 2 входящих (выход в 8.5× больше входа). Входит в короткий возвратный цикл переводов (≤4 шага).,0.37551658302609037
100000002217161100,distributor,0.9,51,Признаки распределения: 7 получателей против 2 входящих (выход в 3.5× больше входа). Входит в короткий возвратный цикл переводов (≤4 шага).,0.3815919284709549
100000003798151100,peripheral,0.4,21,"Низкая активность: 1 входящих, 0 исходящих связей.",0.07048503476058152
100000008587459100,peripheral,0.4,32,"Низкая активность: 2 входящих, 2 исходящих связей. Входит в короткий возвратный цикл переводов (≤4 шага).",0.062025556095049686
100000004806903100,peripheral,0.4,65,"Низкая активность: 1 входящих, 0 исходящих связей.",0.06839084488976797
100000008736394100,peripheral,0.4,43,"Низкая активность: 1 входящих, 0 исходящих связей.",0.056255444302121156
100000002459163100,peripheral,0.4,7,"Низкая активность: 1 входящих, 0 исходящих связей.",0.05976353667797333
100000008547948100,distributor,0.75,35,Признаки распределения: 26 получателей против 6 входящих (выход в 4.3× больше входа). Входит в короткий возвратный цикл переводов (≤4 шага).,0.40824424494567724
100000008734364100,peripheral,0.4,43,"Низкая активность: 1 входящих, 0 исходящих связей.",0.05642878259729747
100000001782980100,peripheral,0.4,24,"Низкая активность: 1 входящих, 1 исходящих связей.",0.061923782218774946
100000005105153100,peripheral,0.4,32,"Низкая активность: 1 входящих, 0 исходящих связей.",0.06176003258452095
100000005205745100,peripheral,0.4,34,"Низкая активность: 1 входящих, 0 исходящих связей.",0.05731909616417142
100000006888238100,peripheral,0.4,12,"Низкая активность: 1 входящих, 1 исходящих связей.",0.07390361722432884
100000004225615100,peripheral,0.4,11,"Низкая активность: 1 входящих, 0 исходящих связей.",0.05640729085484837
100000006679055100,peripheral,0.4,65,"Низкая активность: 1 входящих, 0 исходящих связей.",0.056747942198370996
100000002454724100,peripheral,0.4,64,"Низкая активность: 1 входящих, 0 исходящих связей.",0.056764931978842664
100000007629096100,peripheral,0.4,38,"Низкая активность: 4 входящих, 1 исходящих связей. Входит в короткий возвратный цикл переводов (≤4 шага).",0.17235272812259483
100000005175148100,peripheral,0.4,44,"Низкая активность: 2 входящих, 1 исходящих связей. Входит в короткий возвратный цикл переводов (≤4 шага).",0.08101759701594176
100000000861294100,peripheral,0.4,34,"Низкая активность: 1 входящих, 0 исходящих связей.",0.0574060334432525
100000002969048100,peripheral,0.4,34,"Низкая активность: 1 входящих, 0 исходящих связей.",0.057012192728156524
100000008771814100,peripheral,0.4,43,"Низкая активность: 1 входящих, 0 исходящих связей.",0.056386297721028766
100000007337374100,peripheral,0.4,43,"Низкая активность: 1 входящих, 0 исходящих связей.",0.05632342010415108
100000005933757100,distributor,0.75,19,Признаки распределения: 34 получателей против 4 входящих (выход в 8.5× больше входа). Входит в короткий возвратный цикл переводов (≤4 шага).,0.4776855178831609
100000006612238100,peripheral,0.4,43,"Низкая активность: 1 входящих, 1 исходящих связей. Входит в короткий возвратный цикл переводов (≤4 шага).",0.06039748842943584
100000005799271100,peripheral,0.4,0,"Низкая активность: 1 входящих, 0 исходящих связей.",0.06854766271186281
100000003016773100,peripheral,0.4,35,"Низкая активность: 1 входящих, 0 исходящих связей.",0.057445899551037745
100000004160650100,distributor,0.9,25,Признаки распределения: 10 получателей против 2 входящих (выход в 5.0× больше входа). Входит в короткий возвратный цикл переводов (≤4 шага).,0.3588730730254699
100000000993112100,peripheral,0.4,9,"Низкая активность: 1 входящих, 0 исходящих связей.",0.06376635238804325
100000005939154100,peripheral,0.4,21,"Низкая активность: 1 входящих, 0 исходящих связей.",0.056390198811503145
100000000913911100,peripheral,0.4,65,"Низкая активность: 2 входящих, 1 исходящих связей.",0.06828946558498658
100000008571443100,peripheral,0.4,26,"Низкая активность: 2 входящих, 0 исходящих связей.",0.059138458553282626
100000003747133100,consolidator,0.9,56,"Признаки консолидации: получает от 5 плательщиков, отдаёт 2 (вход в 2.5× больше выхода).",0.4318514277432742
100000003188607100,peripheral,0.4,10,"Низкая активность: 1 входящих, 1 исходящих связей.",0.0591457772190242
100000008478414100,peripheral,0.4,43,"Низкая активность: 1 входящих, 0 исходящих связей.",0.056153480599076266
100000006490557100,peripheral,0.4,10,"Низкая активность: 1 входящих, 0 исходящих связей.",0.05601321196394005
100000002469065100,peripheral,0.4,21,"Низкая активность: 1 входящих, 0 исходящих связей.",0.0576410544579567
100000005481280100,peripheral,0.4,44,"Низкая активность: 1 входящих, 3 исходящих связей.",0.06207494787632087
100000002836052100,peripheral,0.4,65,"Низкая активность: 1 входящих, 0 исходящих связей.",0.056989093973383934
100000005904580100,peripheral,0.4,2,"Низкая активность: 2 входящих, 0 исходящих связей.",0.06954392887619776
100000002481735100,peripheral,0.4,21,"Низкая активность: 1 входящих, 0 исходящих связей.",0.05984299811339194
100000001578517100,peripheral,0.4,21,"Низкая активность: 1 входящих, 0 исходящих связей.",0.05623216809859473
100000003036198100,peripheral,0.4,65,"Низкая активность: 1 входящих, 0 исходящих связей.",0.056101860860937894
100000008636603100,distributor,0.9,2,Признаки распределения: 6 получателей против 2 входящих (выход в 3.0× больше входа). Входит в короткий возвратный цикл переводов (≤4 шага).,0.3891936925456213
100000001633685100,peripheral,0.4,32,"Низкая активность: 3 входящих, 0 исходящих связей.",0.060404972159934345
100000008743913100,distributor,0.75,52,Признаки распределения: 13 получателей против 3 входящих (выход в 4.3× больше входа).,0.3671437100301706
100000002492277100,peripheral,0.4,65,"Низкая активность: 1 входящих, 0 исходящих связей.",0.05707602694204801
100000004400305100,distributor,0.75,32,Признаки распределения: 82 получателей против 7 входящих (выход в 11.7× больше входа). Входит в короткий возвратный цикл переводов (≤4 шага).,0.5192034393860729
100000004950490100,peripheral,0.4,10,"Низкая активность: 1 входящих, 0 исходящих связей.",0.05823876330530146
100000003242289100,distributor,0.75,54,Признаки распределения: 23 получателей против 3 входящих (выход в 7.7× больше входа). Входит в короткий возвратный цикл переводов (≤4 шага).,0.397218934363425
100000001703168100,peripheral,0.4,65,"Низкая активность: 1 входящих, 1 исходящих связей.",0.058247421997256445
100000004356593100,peripheral,0.4,65,"Низкая активность: 1 входящих, 1 исходящих связей.",0.0582868619195686
100000007322059100,peripheral,0.4,9,"Низкая активность: 2 входящих, 1 исходящих связей. Входит в короткий возвратный цикл переводов (≤4 шага).",0.07956246798426293
100000004398811100,peripheral,0.4,65,"Низкая активность: 1 входящих, 3 исходящих связей.",0.06429323772587967
100000005664632100,peripheral,0.4,4,"Низкая активность: 1 входящих, 0 исходящих связей.",0.05996500973734804
100000001954903100,peripheral,0.4,0,"Низкая активность: 1 входящих, 0 исходящих связей.",0.05663002968923361
100000005664922100,peripheral,0.4,29,"Низкая активность: 2 входящих, 3 исходящих связей. Входит в короткий возвратный цикл переводов (≤4 шага).",0.088845672056613
100000004192107100,peripheral,0.4,65,"Низкая активность: 1 входящих, 0 исходящих связей.",0.05667057116904162
100000003249054100,consolidator,0.9,65,"Признаки консолидации: получает от 7 плательщиков, отдаёт 1 (вход в 7.0× больше выхода).",0.43558908599475227
100000008772058100,peripheral,0.4,43,"Низкая активность: 1 входящих, 0 исходящих связей.",0.05683323861937554
100000002593038100,peripheral,0.4,2,"Низкая активность: 1 входящих, 0 исходящих связей.",0.07464897073138763
100000006161893100,peripheral,0.4,21,"Низкая активность: 1 входящих, 0 исходящих связей.",0.06830651561111002
100000003603979100,peripheral,0.4,25,"Низкая активность: 1 входящих, 0 исходящих связей.",0.07099807047446031
100000007749092100,peripheral,0.4,21,"Низкая активность: 1 входящих, 1 исходящих связей. Входит в короткий возвратный цикл переводов (≤4 шага).",0.13367485919424688
100000008238989100,peripheral,0.4,42,"Низкая активность: 1 входящих, 0 исходящих связей.",0.05786879960890934
100000003003821100,peripheral,0.4,65,"Низкая активность: 1 входящих, 0 исходящих связей.",0.06360736247009542
100000004905207100,peripheral,0.4,19,"Низкая активность: 1 входящих, 0 исходящих связей.",0.06344555653624201
100000003024542100,peripheral,0.4,65,"Низкая активность: 1 входящих, 0 исходящих связей.",0.05760360313642142
100000008008463100,peripheral,0.4,34,"Низкая активность: 1 входящих, 0 исходящих связей.",0.056497345330550924
100000002457464100,peripheral,0.4,65,"Низкая активность: 1 входящих, 0 исходящих связей.",0.05781508083044955
100000004456564100,peripheral,0.4,19,"Низкая активность: 1 входящих, 0 исходящих связей.",0.061328241172701775
100000003054328100,peripheral,0.4,33,"Низкая активность: 1 входящих, 2 исходящих связей.",0.06190098059471948
100000004441291100,peripheral,0.4,65,"Низкая активность: 1 входящих, 0 исходящих связей.",0.06915659767108527
100000002692750100,peripheral,0.4,34,"Низкая активность: 3 входящих, 1 исходящих связей. Входит в короткий возвратный цикл переводов (≤4 шага).",0.14778403615573726
100000008356606100,peripheral,0.4,26,"Низкая активность: 2 входящих, 0 исходящих связей.",0.07475139782003612
100000001138376100,peripheral,0.4,44,"Низкая активность: 1 входящих, 0 исходящих связей.",0.05622709209940406
100000005077484100,peripheral,0.4,24,"Низкая активность: 1 входящих, 2 исходящих связей. Входит в короткий возвратный цикл переводов (≤4 шага).",0.07209390545699747
100000008672603100,peripheral,0.4,65,"Низкая активность: 1 входящих, 0 исходящих связей.",0.05656614259763551
100000006994985100,peripheral,0.4,34,"Низкая активность: 1 входящих, 1 исходящих связей.",0.06869261201567929
100000002193259100,peripheral,0.4,2,"Низкая активность: 2 входящих, 3 исходящих связей. Входит в короткий возвратный цикл переводов (≤4 шага).",0.09376541273577522
100000002718366100,consolidator,0.9,35,"Признаки консолидации: получает от 6 плательщиков, отдаёт 0 (вход в 6.0× больше выхода).",0.44425370430188954
100000002947299100,peripheral,0.4,65,"Низкая активность: 1 входящих, 0 исходящих связей.",0.058582504848857936
100000008352542100,peripheral,0.4,65,"Низкая активность: 1 входящих, 0 исходящих связей.",0.058280480808827875
100000002796853100,peripheral,0.4,49,"Низкая активность: 1 входящих, 1 исходящих связей. Входит в короткий возвратный цикл переводов (≤4 шага).",0.1491449582202638
100000008557672100,peripheral,0.4,43,"Низкая активность: 1 входящих, 0 исходящих связей.",0.056818368912681494
100000008531186100,peripheral,0.4,65,"Низкая активность: 1 входящих, 0 исходящих связей.",0.05980554661584922
100000003922499100,peripheral,0.4,2,"Низкая активность: 1 входящих, 0 исходящих связей.",0.06847595635437825
100000002757240100,peripheral,0.4,65,"Низкая активность: 1 входящих, 0 исходящих связей.",0.057548514762999325
100000001346560100,peripheral,0.4,65,"Низкая активность: 2 входящих, 1 исходящих связей.",0.07472324882730431
100000002958343100,peripheral,0.4,10,"Низкая активность: 1 входящих, 2 исходящих связей. Входит в короткий возвратный цикл переводов (≤4 шага).",0.07658688866889292
100000008764436100,peripheral,0.4,43,"Низкая активность: 1 входящих, 0 исходящих связей.",0.05620616184564946
100000003068941100,peripheral,0.4,32,"Низкая активность: 3 входящих, 1 исходящих связей.",0.06302039775241798
100000008546855100,consolidator,0.9,37,"Признаки консолидации: получает от 6 плательщиков, отдаёт 2 (вход в 3.0× больше выхода). Входит в короткий возвратный цикл переводов (≤4 шага).",0.4856141477099275
100000006852430100,peripheral,0.4,0,"Низкая активность: 1 входящих, 0 исходящих связей.",0.06852409460042741
100000007382152100,peripheral,0.4,32,"Низкая активность: 1 входящих, 0 исходящих связей.",0.05602915285017655
100000005059998100,peripheral,0.4,32,"Низкая активность: 1 входящих, 0 исходящих связей.",0.056501308323912994
100000005665181100,coordinator,0.75,18,"Признаки координации: 4 вх./11 исх., betweenness=0.000 (топ по посредничеству среди узлов со смешанной активностью). Входит в короткий возвратный цикл переводов (≤4 шага).",0.42835249638316325
100000005619339100,peripheral,0.4,21,"Низкая активность: 1 входящих, 1 исходящих связей.",0.059442538810839274
100000008474308100,peripheral,0.4,32,"Низкая активность: 1 входящих, 1 исходящих связей. Входит в короткий возвратный цикл переводов (≤4 шага).",0.06565676708659746
100000008656043100,peripheral,0.4,43,"Низкая активность: 1 входящих, 0 исходящих связей.",0.05642878259729747
100000008731444100,distributor,0.75,32,Признаки распределения: 9 получателей против 3 входящих (выход в 3.0× больше входа).,0.3594016203068073
100000000910216100,peripheral,0.4,32,"Низкая активность: 1 входящих, 1 исходящих связей.",0.06490963494703696
100000008603331100,distributor,0.9,35,Признаки распределения: 6 получателей против 2 входящих (выход в 3.0× больше входа). Входит в короткий возвратный цикл переводов (≤4 шага).,0.35296304805766354
100000008647905100,peripheral,0.4,37,"Низкая активность: 1 входящих, 2 исходящих связей.",0.06195997092592309
100000002605308100,peripheral,0.4,19,"Низкая активность: 3 входящих, 0 исходящих связей.",0.08936530866857767
100000008710843100,distributor,0.9,52,Признаки распределения: 13 получателей против 2 входящих (выход в 6.5× больше входа). Входит в короткий возвратный цикл переводов (≤4 шага).,0.37383729469592447
100000001382002100,peripheral,0.4,32,"Низкая активность: 1 входящих, 1 исходящих связей. Входит в короткий возвратный цикл переводов (≤4 шага).",0.07657880365659123
100000004573782100,peripheral,0.4,10,"Низкая активность: 1 входящих, 0 исходящих связей.",0.05720079285879152
100000005561741100,peripheral,0.4,11,"Низкая активность: 1 входящих, 0 исходящих связей.",0.05819893779321823
100000002691858100,peripheral,0.4,9,"Низкая активность: 1 входящих, 0 исходящих связей.",0.05882619911983941
100000004765639100,peripheral,0.4,32,"Низкая активность: 1 входящих, 2 исходящих связей. Входит в короткий возвратный цикл переводов (≤4 шага).",0.06319043386542715
100000001184915100,peripheral,0.4,44,"Низкая активность: 1 входящих, 0 исходящих связей.",0.059183132733604406
100000000625169100,peripheral,0.4,43,"Низкая активность: 1 входящих, 0 исходящих связей.",0.056153480599076266
100000001541418100,peripheral,0.4,11,"Низкая активность: 2 входящих, 0 исходящих связей.",0.058577162668482625
100000005507142100,coordinator,0.75,58,"Признаки координации: 3 вх./3 исх., betweenness=0.000 (топ по посредничеству среди узлов со смешанной активностью). Входит в короткий возвратный цикл переводов (≤4 шага).",0.41818762875344373
100000003617552100,peripheral,0.4,24,"Низкая активность: 1 входящих, 0 исходящих связей.",0.06926678526456427
100000002558173100,peripheral,0.4,9,"Низкая активность: 1 входящих, 0 исходящих связей.",0.05649687545594888
100000002721825100,peripheral,0.4,32,"Низкая активность: 1 входящих, 0 исходящих связей.",0.06828454279891878
100000000912487100,peripheral,0.4,65,"Низкая активность: 1 входящих, 0 исходящих связей.",0.056289301535749264
100000002398779100,consolidator,0.9,32,"Признаки консолидации: получает от 13 плательщиков, отдаёт 1 (вход в 13.0× больше выхода).",0.5039532221585397
100000000821507100,peripheral,0.4,64,"Низкая активность: 1 входящих, 0 исходящих связей.",0.058483991925493355
100000006248077100,peripheral,0.4,21,"Низкая активность: 1 входящих, 0 исходящих связей.",0.05639791943499026
100000003988112100,peripheral,0.4,13,"Низкая активность: 1 входящих, 1 исходящих связей. Входит в короткий возвратный цикл переводов (≤4 шага).",0.06863517015857826
100000007382543100,coordinator,0.75,48,"Признаки координации: 3 вх./5 исх., betweenness=0.000 (топ по посредничеству среди узлов со смешанной активностью). Входит в короткий возвратный цикл переводов (≤4 шага).",0.45584833856238255
100000001530740100,peripheral,0.4,21,"Низкая активность: 1 входящих, 0 исходящих связей.",0.06820475242515203
100000001822623100,peripheral,0.4,42,"Низкая активность: 1 входящих, 0 исходящих связей.",0.05788105378925624
100000007617808100,peripheral,0.4,21,"Низкая активность: 1 входящих, 0 исходящих связей.",0.059712946162900765
100000000850297100,peripheral,0.4,0,"Низкая активность: 1 входящих, 1 исходящих связей. Входит в короткий возвратный цикл переводов (≤4 шага).",0.058096130224943046
100000001601320100,peripheral,0.4,10,"Низкая активность: 2 входящих, 1 исходящих связей.",0.08571284819471428
100000008413748100,distributor,0.9,54,Признаки распределения: 18 получателей против 2 входящих (выход в 9.0× больше входа). Входит в короткий возвратный цикл переводов (≤4 шага).,0.38041264979247086
100000005519998100,coordinator,0.75,39,"Признаки координации: 3 вх./3 исх., betweenness=0.000 (топ по посредничеству среди узлов со смешанной активностью). Входит в короткий возвратный цикл переводов (≤4 шага).",0.4234819078000927
100000008254069100,distributor,0.9,13,Признаки распределения: 5 получателей против 1 входящих (выход в 5.0× больше входа). Входит в короткий возвратный цикл переводов (≤4 шага).,0.34834718832638223
100000000795033100,peripheral,0.4,32,"Низкая активность: 1 входящих, 0 исходящих связей.",0.06836476377051019
100000002635780100,peripheral,0.4,10,"Низкая активность: 1 входящих, 0 исходящих связей.",0.06948392740092506
100000000718427100,peripheral,0.4,43,"Низкая активность: 1 входящих, 0 исходящих связей.",0.05608550479704634
100000004687099100,peripheral,0.4,10,"Низкая активность: 1 входящих, 0 исходящих связей.",0.05841804462358159
100000005328215100,peripheral,0.4,0,"Низкая активность: 1 входящих, 0 исходящих связей.",0.056627216588922474
100000004580202100,peripheral,0.4,42,"Низкая активность: 1 входящих, 3 исходящих связей.",0.06353414448431567
100000006424479100,peripheral,0.4,26,"Низкая активность: 1 входящих, 2 исходящих связей.",0.09312359316646404
100000003219438100,peripheral,0.4,39,"Низкая активность: 1 входящих, 0 исходящих связей.",0.0640686078018286
100000003062895100,peripheral,0.4,35,"Низкая активность: 2 входящих, 0 исходящих связей.",0.06378686908565213
100000007861311100,peripheral,0.4,10,"Низкая активность: 1 входящих, 0 исходящих связей.",0.05963529638837167
100000003289405100,peripheral,0.4,65,"Низкая активность: 1 входящих, 0 исходящих связей.",0.05865721108281221
100000004687282100,peripheral,0.4,21,"Низкая активность: 1 входящих, 0 исходящих связей.",0.05832032659670852
100000002570206100,peripheral,0.4,54,"Низкая активность: 2 входящих, 0 исходящих связей.",0.05932668703676925
100000003724440100,peripheral,0.4,32,"Низкая активность: 2 входящих, 0 исходящих связей.",0.058805187684825656
100000002205022100,peripheral,0.4,40,"Низкая активность: 1 входящих, 3 исходящих связей.",0.07468789155286067
100000004336312100,peripheral,0.4,39,"Низкая активность: 3 входящих, 2 исходящих связей. Входит в короткий возвратный цикл переводов (≤4 шага).",0.08367585877452702
100000008765494100,peripheral,0.4,43,"Низкая активность: 1 входящих, 0 исходящих связей.",0.056391395906181016
100000002733905100,peripheral,0.4,43,"Низкая активность: 3 входящих, 2 исходящих связей. Входит в короткий возвратный цикл переводов (≤4 шага).",0.19444624030771673
100000003131016100,peripheral,0.4,32,"Низкая активность: 1 входящих, 1 исходящих связей. Входит в короткий возвратный цикл переводов (≤4 шага).",0.1273223789751511
100000003159641100,peripheral,0.4,44,"Низкая активность: 4 входящих, 1 исходящих связей.",0.06440146284028712
100000001102676100,peripheral,0.4,65,"Низкая активность: 1 входящих, 1 исходящих связей.",0.059319472870826416
100000000765628100,peripheral,0.4,21,"Низкая активность: 1 входящих, 0 исходящих связей.",0.05747734715265421
100000005931985100,peripheral,0.4,33,"Низкая активность: 1 входящих, 0 исходящих связей.",0.05735088097330656
100000000943371100,peripheral,0.4,26,"Низкая активность: 1 входящих, 0 исходящих связей.",0.05700456065715358
100000002779485100,peripheral,0.4,57,"Низкая активность: 1 входящих, 0 исходящих связей.",0.06906003975167616
100000003073398100,peripheral,0.4,34,"Низкая активность: 1 входящих, 0 исходящих связей.",0.056865107019243966
100000004071070100,peripheral,0.4,32,"Низкая активность: 2 входящих, 1 исходящих связей. Входит в короткий возвратный цикл переводов (≤4 шага).",0.1045066193836891
100000008762832100,peripheral,0.4,65,"Низкая активность: 1 входящих, 1 исходящих связей. Входит в короткий возвратный цикл переводов (≤4 шага).",0.05880817606182075
100000001737722100,peripheral,0.4,65,"Низкая активность: 1 входящих, 0 исходящих связей.",0.057645054627478605
100000008376089100,peripheral,0.4,64,"Низкая активность: 1 входящих, 0 исходящих связей.",0.05682744324962997
100000000917179100,peripheral,0.4,19,"Низкая активность: 1 входящих, 0 исходящих связей.",0.06300319496552953
100000008713270100,peripheral,0.4,34,"Низкая активность: 1 входящих, 3 исходящих связей.",0.06136602283263826
100000008418934100,peripheral,0.4,11,"Низкая активность: 1 входящих, 0 исходящих связей.",0.05767854013738915
100000000724540100,peripheral,0.4,57,"Низкая активность: 1 входящих, 1 исходящих связей.",0.05910320864782301
100000004674799100,peripheral,0.4,32,"Низкая активность: 1 входящих, 0 исходящих связей.",0.08125670865940271
100000005834479100,peripheral,0.4,57,"Низкая активность: 1 входящих, 2 исходящих связей.",0.059454590730333046
100000006787636100,peripheral,0.4,21,"Низкая активность: 1 входящих, 0 исходящих связей.",0.0596128270382425
100000005140601100,peripheral,0.4,57,"Низкая активность: 3 входящих, 2 исходящих связей. Входит в короткий возвратный цикл переводов (≤4 шага).",0.18407584321474119
100000000076451100,coordinator,0.75,44,"Признаки координации: 3 вх./4 исх., betweenness=0.000 (топ по посредничеству среди узлов со смешанной активностью). Входит в короткий возвратный цикл переводов (≤4 шага).",0.46281181136618194
100000004904960100,peripheral,0.4,32,"Низкая активность: 2 входящих, 0 исходящих связей.",0.08231338450865171
100000008774237100,peripheral,0.4,25,"Низкая активность: 1 входящих, 1 исходящих связей.",0.058918325687155354
100000005402643100,peripheral,0.4,11,"Низкая активность: 1 входящих, 1 исходящих связей.",0.05828459351066629
100000001251686100,peripheral,0.4,65,"Низкая активность: 1 входящих, 0 исходящих связей.",0.05653390988914753
100000008283183100,peripheral,0.4,43,"Низкая активность: 1 входящих, 0 исходящих связей.",0.05647636565871842
100000002742067100,peripheral,0.4,44,"Низкая активность: 1 входящих, 0 исходящих связей.",0.05618618189784297
100000003831201100,peripheral,0.4,32,"Низкая активность: 1 входящих, 0 исходящих связей.",0.0684306045868671
100000001241318100,peripheral,0.4,32,"Низкая активность: 1 входящих, 0 исходящих связей.",0.06825572167285865
100000005022964100,peripheral,0.4,65,"Низкая активность: 1 входящих, 0 исходящих связей.",0.05807480284515372
100000003246024100,peripheral,0.4,32,"Низкая активность: 1 входящих, 1 исходящих связей.",0.07991529223652728
100000005237935150,peripheral,0.4,33,"Низкая активность: 1 входящих, 0 исходящих связей.",0.05660438536446277
100000002613776100,peripheral,0.4,32,"Низкая активность: 1 входящих, 0 исходящих связей.",0.05677995790861403
100000005849100100,peripheral,0.4,65,"Низкая активность: 1 входящих, 0 исходящих связей.",0.06624822200249987
100000004544958100,peripheral,0.4,0,"Низкая активность: 1 входящих, 2 исходящих связей. Входит в короткий возвратный цикл переводов (≤4 шага).",0.10608999573761868
100000002087788100,peripheral,0.4,18,"Низкая активность: 1 входящих, 0 исходящих связей.",0.07464697227742634
100000001490461100,peripheral,0.4,11,"Низкая активность: 1 входящих, 1 исходящих связей.",0.05969566756999494
100000001557930100,peripheral,0.4,34,"Низкая активность: 1 входящих, 0 исходящих связей.",0.056311757495385306
100000005474472100,peripheral,0.4,29,"Низкая активность: 1 входящих, 0 исходящих связей.",0.06896200624642815
100000001597505100,peripheral,0.4,9,"Низкая активность: 1 входящих, 1 исходящих связей.",0.059247964203859416
100000002974256100,peripheral,0.4,2,"Низкая активность: 1 входящих, 0 исходящих связей.",0.06830913896491661
100000001262647100,peripheral,0.4,44,"Низкая активность: 1 входящих, 0 исходящих связей.",0.0568753091744179
100000003741418100,consolidator,0.75,32,"Признаки консолидации: получает от 9 плательщиков, отдаёт 3 (вход в 3.0× больше выхода). Входит в короткий возвратный цикл переводов (≤4 шага).",0.45257395263779515
100000005660203100,peripheral,0.4,21,"Низкая активность: 1 входящих, 2 исходящих связей. Входит в короткий возвратный цикл переводов (≤4 шага).",0.09279725479131808
100000000979567100,peripheral,0.4,43,"Низкая активность: 1 входящих, 0 исходящих связей.",0.06825033356389194
100000004424023100,peripheral,0.4,33,"Низкая активность: 1 входящих, 1 исходящих связей.",0.09223736946960528
100000004479404100,peripheral,0.4,61,"Низкая активность: 2 входящих, 1 исходящих связей. Входит в короткий возвратный цикл переводов (≤4 шага).",0.08952109830527902
100000004463277100,peripheral,0.4,24,"Низкая активность: 1 входящих, 0 исходящих связей.",0.07631576126694072
100000001279875100,peripheral,0.4,33,"Низкая активность: 1 входящих, 0 исходящих связей.",0.05686934344870654
100000005730108100,peripheral,0.4,32,"Низкая активность: 1 входящих, 0 исходящих связей.",0.05964089040057921
100000001308856100,peripheral,0.4,43,"Низкая активность: 1 входящих, 0 исходящих связей.",0.05644237775770346
100000002983879100,peripheral,0.4,65,"Низкая активность: 2 входящих, 0 исходящих связей.",0.061306560530285714
100000001418900100,peripheral,0.4,43,"Низкая активность: 1 входящих, 0 исходящих связей.",0.05666567826737177
100000002633701100,peripheral,0.4,11,"Низкая активность: 1 входящих, 0 исходящих связей.",0.05723995913491259
100000004386258100,coordinator,0.75,2,"Признаки координации: 3 вх./3 исх., betweenness=0.000 (топ по посредничеству среди узлов со смешанной активностью). Входит в короткий возвратный цикл переводов (≤4 шага).",0.4182133317863324
100000007534354100,peripheral,0.4,0,"Низкая активность: 1 входящих, 3 исходящих связей.",0.061994327578931946
100000003192220100,peripheral,0.4,21,"Низкая активность: 1 входящих, 0 исходящих связей.",0.06687139892672461
100000000806727100,peripheral,0.4,65,"Низкая активность: 1 входящих, 1 исходящих связей.",0.06069511498638619
100000000297649100,peripheral,0.4,2,"Низкая активность: 1 входящих, 1 исходящих связей. Входит в короткий возвратный цикл переводов (≤4 шага).",0.08387555057614915
100000008749989100,peripheral,0.4,43,"Низкая активность: 1 входящих, 0 исходящих связей.",0.056255444302121156
100000008512827100,distributor,0.75,33,Признаки распределения: 10 получателей против 3 входящих (выход в 3.3× больше входа).,0.3603370089239059
100000000201868100,peripheral,0.4,21,"Низкая активность: 1 входящих, 1 исходящих связей. Входит в короткий возвратный цикл переводов (≤4 шага).",0.09215667281852875
100000004825069100,peripheral,0.4,43,"Низкая активность: 1 входящих, 0 исходящих связей.",0.056493359609225906
100000008324800100,peripheral,0.4,50,"Низкая активность: 3 входящих, 1 исходящих связей. Входит в короткий возвратный цикл переводов (≤4 шага).",0.13964868928789123
100000002335358100,peripheral,0.4,21,"Низкая активность: 1 входящих, 0 исходящих связей.",0.07234103961295099
100000003718221100,peripheral,0.4,42,"Низкая активность: 2 входящих, 4 исходящих связей. Входит в короткий возвратный цикл переводов (≤4 шага).",0.10281687225283763
100000008710791100,distributor,0.75,35,Признаки распределения: 23 получателей против 3 входящих (выход в 7.7× больше входа).,0.38429578458182534
100000004410489100,peripheral,0.4,32,"Низкая активность: 1 входящих, 0 исходящих связей.",0.057417091360304096
100000002957787100,distributor,0.75,32,Признаки распределения: 34 получателей против 4 входящих (выход в 8.5× больше входа). Входит в короткий возвратный цикл переводов (≤4 шага).,0.4627382224793016
100000004209339100,peripheral,0.4,30,"Низкая активность: 1 входящих, 2 исходящих связей. Входит в короткий возвратный цикл переводов (≤4 шага).",0.08632444040404307
100000002744581100,peripheral,0.4,10,"Низкая активность: 1 входящих, 0 исходящих связей.",0.057954363471051706
100000004221668100,coordinator,0.75,34,"Признаки координации: 4 вх./3 исх., betweenness=0.000 (топ по посредничеству среди узлов со смешанной активностью). Входит в короткий возвратный цикл переводов (≤4 шага).",0.5465338504472589
100000007797290100,peripheral,0.4,32,"Низкая активность: 1 входящих, 1 исходящих связей.",0.058670820310356676
100000002621915100,peripheral,0.4,21,"Низкая активность: 1 входящих, 0 исходящих связей.",0.06831580633598047
100000005578559100,distributor,0.9,11,Признаки распределения: 21 получателей против 2 входящих (выход в 10.5× больше входа). Входит в короткий возвратный цикл переводов (≤4 шага).,0.3893119395069357
100000003237045100,peripheral,0.4,21,"Низкая активность: 1 входящих, 1 исходящих связей. Входит в короткий возвратный цикл переводов (≤4 шага).",0.06311057620624262
100000001250022100,peripheral,0.4,34,"Низкая активность: 1 входящих, 0 исходящих связей.",0.056457705210418464
100000005547096100,peripheral,0.4,41,"Низкая активность: 1 входящих, 2 исходящих связей. Входит в короткий возвратный цикл переводов (≤4 шага).",0.08972373655071102
100000003943483100,peripheral,0.4,2,"Низкая активность: 1 входящих, 0 исходящих связей.",0.05815486980068808
100000008629581100,peripheral,0.4,65,"Низкая активность: 1 входящих, 0 исходящих связей.",0.05747258259744052
100000002842337100,peripheral,0.4,10,"Низкая активность: 1 входящих, 0 исходящих связей.",0.060041046976635024
100000005539910100,peripheral,0.4,65,"Низкая активность: 1 входящих, 2 исходящих связей.",0.07057271927836731
100000007629121100,peripheral,0.4,65,"Низкая активность: 1 входящих, 0 исходящих связей.",0.06151081159166958
100000005326681100,peripheral,0.4,44,"Низкая активность: 1 входящих, 0 исходящих связей.",0.056480639838884635
100000001386612100,peripheral,0.4,13,"Низкая активность: 1 входящих, 0 исходящих связей.",0.0633988544492947
100000008624978100,peripheral,0.4,57,"Низкая активность: 1 входящих, 0 исходящих связей.",0.05860853838637946
100000003089018100,peripheral,0.4,11,"Низкая активность: 1 входящих, 0 исходящих связей.",0.05706645714949915
100000003034546100,peripheral,0.4,11,"Низкая активность: 1 входящих, 0 исходящих связей.",0.05827515625900825
100000002173070100,peripheral,0.4,21,"Низкая активность: 1 входящих, 0 исходящих связей.",0.05623216809859473
100000002267998100,peripheral,0.4,42,"Низкая активность: 2 входящих, 3 исходящих связей. Входит в короткий возвратный цикл переводов (≤4 шага).",0.12842781050717972
100000005053653100,peripheral,0.4,26,"Низкая активность: 2 входящих, 1 исходящих связей.",0.06098995358076325
100000004134060100,peripheral,0.4,57,"Низкая активность: 1 входящих, 0 исходящих связей.",0.05810711573844732
100000002820010100,peripheral,0.4,34,"Низкая активность: 1 входящих, 0 исходящих связей.",0.05626803956385166
100000002566204100,peripheral,0.4,0,"Низкая активность: 1 входящих, 0 исходящих связей.",0.057909918811301225
100000000967918100,peripheral,0.4,32,"Низкая активность: 1 входящих, 0 исходящих связей.",0.06567551675643252
100000004592467100,peripheral,0.4,65,"Низкая активность: 1 входящих, 0 исходящих связей.",0.05603626134730194
100000008771627100,peripheral,0.4,43,"Низкая активность: 1 входящих, 0 исходящих связей.",0.0562639412773749
100000000769919100,peripheral,0.4,23,"Низкая активность: 1 входящих, 0 исходящих связей.",0.07849343212517856
100000001677929100,peripheral,0.4,10,"Низкая активность: 3 входящих, 2 исходящих связей. Входит в короткий возвратный цикл переводов (≤4 шага).",0.21531104519316654
100000008687492100,peripheral,0.4,43,"Низкая активность: 1 входящих, 0 исходящих связей.",0.05623845035161368
100000004666651100,peripheral,0.4,4,"Низкая активность: 1 входящих, 0 исходящих связей.",0.06458813990155621
100000008691168100,peripheral,0.4,43,"Низкая активность: 1 входящих, 0 исходящих связей.",0.056391395906181016
100000000291906100,peripheral,0.4,46,"Низкая активность: 2 входящих, 2 исходящих связей. Входит в короткий возвратный цикл переводов (≤4 шага).",0.08582293602481586
100000000646541100,peripheral,0.4,32,"Низкая активность: 3 входящих, 0 исходящих связей.",0.07039589953915903
100000004816564100,peripheral,0.4,44,"Низкая активность: 1 входящих, 1 исходящих связей.",0.06243683792666527
100000003104347100,peripheral,0.4,42,"Низкая активность: 1 входящих, 1 исходящих связей.",0.06183265299260459
100000002299948100,peripheral,0.4,9,"Низкая активность: 1 входящих, 0 исходящих связей.",0.056356122485737487
100000001985793100,peripheral,0.4,34,"Низкая активность: 1 входящих, 0 исходящих связей.",0.060341229090538996
100000002539625100,peripheral,0.4,35,"Низкая активность: 1 входящих, 0 исходящих связей.",0.058958202159007086
100000002831727100,peripheral,0.4,37,"Низкая активность: 1 входящих, 1 исходящих связей.",0.05815149309169074
100000008737514100,peripheral,0.4,44,"Низкая активность: 1 входящих, 0 исходящих связей.",0.05733660223512707
100000000190228100,peripheral,0.4,11,"Низкая активность: 1 входящих, 1 исходящих связей.",0.0727513617493974
100000008688881100,peripheral,0.4,43,"Низкая активность: 1 входящих, 0 исходящих связей.",0.05673486063988773
100000001166289100,peripheral,0.4,43,"Низкая активность: 2 входящих, 1 исходящих связей. Входит в короткий возвратный цикл переводов (≤4 шага).",0.1452623900339876
100000004400361100,peripheral,0.4,21,"Низкая активность: 1 входящих, 0 исходящих связей.",0.05606641676219921
100000007594394100,consolidator,0.9,37,"Признаки консолидации: получает от 6 плательщиков, отдаёт 1 (вход в 6.0× больше выхода). Входит в короткий возвратный цикл переводов (≤4 шага).",0.43256117278893336
100000005911352100,peripheral,0.4,63,"Низкая активность: 2 входящих, 3 исходящих связей. Входит в короткий возвратный цикл переводов (≤4 шага).",0.07716640858351625
100000003292979100,peripheral,0.4,65,"Низкая активность: 1 входящих, 0 исходящих связей.",0.058222394121495546
100000007930878100,peripheral,0.4,17,"Низкая активность: 1 входящих, 0 исходящих связей.",0.06589401034528503
100000005030592100,peripheral,0.4,44,"Низкая активность: 1 входящих, 0 исходящих связей.",0.056142724757663284
100000006523053100,peripheral,0.4,65,"Низкая активность: 1 входящих, 0 исходящих связей.",0.06864678873645927
100000003221384100,peripheral,0.4,44,"Низкая активность: 1 входящих, 0 исходящих связей.",0.06412100998039465
100000008258083100,peripheral,0.4,64,"Низкая активность: 2 входящих, 2 исходящих связей. Входит в короткий возвратный цикл переводов (≤4 шага).",0.10018409379665603
100000008742266100,peripheral,0.4,43,"Низкая активность: 1 входящих, 0 исходящих связей.",0.05634041405465856
100000006912294100,peripheral,0.4,11,"Низкая активность: 1 входящих, 2 исходящих связей. Входит в короткий возвратный цикл переводов (≤4 шага).",0.0700552205307503
100000001114385100,peripheral,0.4,65,"Низкая активность: 1 входящих, 0 исходящих связей.",0.05621623663564313
100000006122699100,peripheral,0.4,2,"Низкая активность: 2 входящих, 0 исходящих связей.",0.06363955502577429
100000008174521100,peripheral,0.4,21,"Низкая активность: 1 входящих, 0 исходящих связей.",0.06373702789360271
100000003390036100,peripheral,0.4,0,"Низкая активность: 2 входящих, 2 исходящих связей. Входит в короткий возвратный цикл переводов (≤4 шага).",0.11390944557077169
100000008765627100,peripheral,0.4,34,"Низкая активность: 1 входящих, 0 исходящих связей.",0.05655253803370187
100000001584286100,peripheral,0.4,33,"Низкая активность: 2 входящих, 0 исходящих связей.",0.05982576836768007
100000002132479100,peripheral,0.4,19,"Низкая активность: 1 входящих, 1 исходящих связей. Входит в короткий возвратный цикл переводов (≤4 шага).",0.07371255658433971
100000008683818100,peripheral,0.4,43,"Низкая активность: 1 входящих, 0 исходящих связей.",0.056279235832831634
100000002741024100,coordinator,0.75,38,"Признаки координации: 5 вх./6 исх., betweenness=0.000 (топ по посредничеству среди узлов со смешанной активностью). Входит в короткий возвратный цикл переводов (≤4 шага).",0.5428265320675193
100000000031787100,peripheral,0.4,10,"Низкая активность: 1 входящих, 2 исходящих связей. Входит в короткий возвратный цикл переводов (≤4 шага).",0.06668129469324138
100000006989106100,peripheral,0.4,10,"Низкая активность: 1 входящих, 0 исходящих связей.",0.06649459377160286
100000006534886100,peripheral,0.4,21,"Низкая активность: 1 входящих, 1 исходящих связей. Входит в короткий возвратный цикл переводов (≤4 шага).",0.09981488489420368
100000007173936100,peripheral,0.4,64,"Низкая активность: 1 входящих, 0 исходящих связей.",0.05604605236478874
100000001965374100,peripheral,0.4,29,"Низкая активность: 2 входящих, 3 исходящих связей. Входит в короткий возвратный цикл переводов (≤4 шага).",0.11262061146301645
100000004820260100,peripheral,0.4,44,"Низкая активность: 1 входящих, 3 исходящих связей. Входит в короткий возвратный цикл переводов (≤4 шага).",0.11712077538541445
100000001273783100,peripheral,0.4,0,"Низкая активность: 1 входящих, 0 исходящих связей.",0.05653662522297063
100000003112436100,peripheral,0.4,21,"Низкая активность: 1 входящих, 0 исходящих связей.",0.05681229777597907
100000002632742100,peripheral,0.4,35,"Низкая активность: 2 входящих, 0 исходящих связей.",0.05927934584425475
100000003157679100,peripheral,0.4,35,"Низкая активность: 4 входящих, 0 исходящих связей.",0.0654355826739585
100000003213473100,distributor,0.9,32,Признаки распределения: 11 получателей против 1 входящих (выход в 11.0× больше входа). Входит в короткий возвратный цикл переводов (≤4 шага).,0.35601138800469123
100000008776720100,peripheral,0.4,43,"Низкая активность: 1 входящих, 0 исходящих связей.",0.056187758015897454
100000004291560100,peripheral,0.4,32,"Низкая активность: 1 входящих, 0 исходящих связей.",0.05611652262396203
100000008757369100,peripheral,0.4,32,"Низкая активность: 1 входящих, 1 исходящих связей.",0.05800765861498774
100000001223977100,peripheral,0.4,45,"Низкая активность: 1 входящих, 1 исходящих связей.",0.05894692889912932
100000008662805100,peripheral,0.4,43,"Низкая активность: 1 входящих, 0 исходящих связей.",0.05611239689558019
100000002241986100,distributor,0.9,69,Признаки распределения: 6 получателей против 1 входящих (выход в 6.0× больше входа).,0.34789112203708966
100000004336228100,peripheral,0.4,57,"Низкая активность: 1 входящих, 0 исходящих связей.",0.05650687408958777
100000003888197100,peripheral,0.4,18,"Низкая активность: 1 входящих, 0 исходящих связей.",0.05611840568982371
100000002531406100,peripheral,0.4,57,"Низкая активность: 1 входящих, 1 исходящих связей.",0.05954038866793278
100000008532050100,peripheral,0.4,18,"Низкая активность: 1 входящих, 0 исходящих связей.",0.056721627474129115
100000004670388100,peripheral,0.4,46,"Низкая активность: 1 входящих, 2 исходящих связей. Входит в короткий возвратный цикл переводов (≤4 шага).",0.07102231746374138
100000003163886100,peripheral,0.4,40,"Низкая активность: 1 входящих, 0 исходящих связей.",0.07841277998243788
100000005268319100,distributor,0.9,32,Признаки распределения: 5 получателей против 1 входящих (выход в 5.0× больше входа). Входит в короткий возвратный цикл переводов (≤4 шага).,0.34531257127221093
100000002862113100,peripheral,0.4,19,"Низкая активность: 1 входящих, 0 исходящих связей.",0.0566539729133232
100000001384826100,peripheral,0.4,18,"Низкая активность: 1 входящих, 1 исходящих связей.",0.05848315104247638
100000003647799100,peripheral,0.4,18,"Низкая активность: 1 входящих, 0 исходящих связей.",0.056145702282720845
100000000572276100,peripheral,0.4,43,"Низкая активность: 1 входящих, 1 исходящих связей.",0.05779600856627394
100000001934935100,peripheral,0.4,32,"Низкая активность: 1 входящих, 0 исходящих связей.",0.05631870020113987
100000002933386100,peripheral,0.4,65,"Низкая активность: 1 входящих, 1 исходящих связей.",0.07627500541225916
100000002736316100,peripheral,0.4,32,"Низкая активность: 3 входящих, 0 исходящих связей.",0.06428956658615351
100000008055972100,peripheral,0.4,43,"Низкая активность: 1 входящих, 0 исходящих связей.",0.05620454831731529
100000002722108100,peripheral,0.4,33,"Низкая активность: 1 входящих, 0 исходящих связей.",0.05789017088914211
100000006274203100,peripheral,0.4,37,"Низкая активность: 2 входящих, 3 исходящих связей. Входит в короткий возвратный цикл переводов (≤4 шага).",0.08051811535473019
100000008309514100,peripheral,0.4,43,"Низкая активность: 1 входящих, 0 исходящих связей.",0.05611786350534413
100000004659919100,peripheral,0.4,45,"Низкая активность: 1 входящих, 1 исходящих связей.",0.07993243737391593
100000006701983100,peripheral,0.4,43,"Низкая активность: 1 входящих, 0 исходящих связей.",0.05619439604203939
100000003071649100,peripheral,0.4,35,"Низкая активность: 1 входящих, 0 исходящих связей.",0.056472037658221806
100000003286537100,peripheral,0.4,35,"Низкая активность: 2 входящих, 0 исходящих связей.",0.058455279822318476
100000007267915100,peripheral,0.4,54,"Низкая активность: 2 входящих, 1 исходящих связей.",0.05968347229532505
100000008746449100,distributor,0.9,35,Признаки распределения: 10 получателей против 1 входящих (выход в 10.0× больше входа).,0.3548526041083946
100000008707810100,peripheral,0.4,43,"Низкая активность: 1 входящих, 0 исходящих связей.",0.05618814848802345
100000005756535100,peripheral,0.4,43,"Низкая активность: 1 входящих, 0 исходящих связей.",0.06879414461540144
100000002559089100,peripheral,0.4,33,"Низкая активность: 2 входящих, 0 исходящих связей.",0.0630250914984841
100000003711830100,peripheral,0.4,57,"Низкая активность: 1 входящих, 0 исходящих связей.",0.05649255056312659
100000005454368100,peripheral,0.4,26,"Низкая активность: 2 входящих, 0 исходящих связей.",0.06311350484603842
100000008620570100,peripheral,0.4,57,"Низкая активность: 2 входящих, 2 исходящих связей.",0.06458734981827939
100000008537380100,peripheral,0.4,43,"Низкая активность: 1 входящих, 0 исходящих связей.",0.05604601663416083
100000008684452100,peripheral,0.4,43,"Низкая активность: 1 входящих, 0 исходящих связей.",0.0563880702165335
100000008742053100,distributor,0.9,33,Признаки распределения: 12 получателей против 1 входящих (выход в 12.0× больше входа).,0.35770572037525206
100000008422226100,peripheral,0.4,32,"Низкая активность: 1 входящих, 0 исходящих связей.",0.05622997539777456
100000002528544100,peripheral,0.4,57,"Низкая активность: 1 входящих, 0 исходящих связей.",0.05667101539876213
100000002472632100,peripheral,0.4,47,"Низкая активность: 2 входящих, 1 исходящих связей.",0.09462361409447483
100000008669310100,peripheral,0.4,32,"Низкая активность: 1 входящих, 0 исходящих связей.",0.056151401038802506
100000002936322100,peripheral,0.4,57,"Низкая активность: 2 входящих, 0 исходящих связей.",0.06172193143850481
100000004493586100,peripheral,0.4,32,"Низкая активность: 1 входящих, 0 исходящих связей.",0.05613717246817968
100000002871199100,peripheral,0.4,19,"Низкая активность: 1 входящих, 0 исходящих связей.",0.05631145233042786
100000002696152100,peripheral,0.4,30,"Низкая активность: 1 входящих, 2 исходящих связей. Входит в короткий возвратный цикл переводов (≤4 шага).",0.10561892733043651
100000002769809100,peripheral,0.4,37,"Низкая активность: 1 входящих, 0 исходящих связей.",0.06059556912664875
100000003216073100,peripheral,0.4,57,"Низкая активность: 1 входящих, 1 исходящих связей.",0.05781914062880039
100000003736419100,peripheral,0.4,32,"Низкая активность: 1 входящих, 1 исходящих связей.",0.05819659429665661
100000008763688100,peripheral,0.4,43,"Низкая активность: 1 входящих, 0 исходящих связей.",0.05614753938691985
100000008293431100,distributor,0.9,32,Признаки распределения: 5 получателей против 1 входящих (выход в 5.0× больше входа). Входит в короткий возвратный цикл переводов (≤4 шага).,0.34515789793596635
100000006111439100,coordinator,0.75,32,"Признаки координации: 3 вх./4 исх., betweenness=0.000 (топ по посредничеству среди узлов со смешанной активностью). Входит в короткий возвратный цикл переводов (≤4 шага).",0.41034796900985643
100000002975437100,peripheral,0.4,31,"Низкая активность: 1 входящих, 1 исходящих связей. Входит в короткий возвратный цикл переводов (≤4 шага).",0.06945865465340276
100000002356167100,peripheral,0.4,18,"Низкая активность: 1 входящих, 2 исходящих связей.",0.06028786786505094
100000005022552100,peripheral,0.4,21,"Низкая активность: 1 входящих, 1 исходящих связей.",0.061290379885507715
100000004140994100,peripheral,0.4,43,"Низкая активность: 1 входящих, 0 исходящих связей.",0.056129187196998026
100000002509598100,peripheral,0.4,33,"Низкая активность: 1 входящих, 0 исходящих связей.",0.05671175451138299
100000004450649100,peripheral,0.4,18,"Низкая активность: 2 входящих, 2 исходящих связей.",0.06328295014135231
100000004917367100,peripheral,0.4,18,"Низкая активность: 2 входящих, 0 исходящих связей.",0.05810167470451995
100000004217419100,peripheral,0.4,57,"Низкая активность: 2 входящих, 1 исходящих связей.",0.07453089241559382
100000001066017100,peripheral,0.4,32,"Низкая активность: 2 входящих, 4 исходящих связей.",0.06609815596237359
100000008776420100,peripheral,0.4,43,"Низкая активность: 1 входящих, 0 исходящих связей.",0.056526297349136154
100000004340038100,peripheral,0.4,26,"Низкая активность: 1 входящих, 1 исходящих связей.",0.05807727547496552
100000008432942100,peripheral,0.4,32,"Низкая активность: 1 входящих, 0 исходящих связей.",0.05610906055379175
100000002663511100,peripheral,0.4,32,"Низкая активность: 1 входящих, 0 исходящих связей.",0.05717689999128277
100000003943247100,peripheral,0.4,32,"Низкая активность: 1 входящих, 0 исходящих связей.",0.05609626118720813
100000003242795100,peripheral,0.4,18,"Низкая активность: 1 входящих, 0 исходящих связей.",0.05616354001347998
100000008489922100,distributor,0.75,35,Признаки распределения: 36 получателей против 3 входящих (выход в 12.0× больше входа). Входит в короткий возвратный цикл переводов (≤4 шага).,0.4251286206393968
100000001927599100,peripheral,0.4,11,"Низкая активность: 2 входящих, 0 исходящих связей.",0.05976424830090464
100000007999728100,peripheral,0.4,19,"Низкая активность: 1 входящих, 0 исходящих связей.",0.056312357459347526
100000002793881100,peripheral,0.4,35,"Низкая активность: 3 входящих, 0 исходящих связей.",0.06385224932822335
100000005847078100,peripheral,0.4,43,"Низкая активность: 1 входящих, 0 исходящих связей.",0.056110835007076205
100000000749118100,peripheral,0.4,32,"Низкая активность: 1 входящих, 1 исходящих связей.",0.05792157266051772
100000007618425100,peripheral,0.4,54,"Низкая активность: 1 входящих, 0 исходящих связей.",0.05645907526810433
100000008708207100,peripheral,0.4,35,"Низкая активность: 2 входящих, 0 исходящих связей.",0.06139197768547276
100000008596924100,peripheral,0.4,34,"Низкая активность: 1 входящих, 0 исходящих связей.",0.06251073931125682
100000001222263100,peripheral,0.4,18,"Низкая активность: 1 входящих, 1 исходящих связей.",0.05910148787118232
100000007484343100,peripheral,0.4,32,"Низкая активность: 2 входящих, 0 исходящих связей.",0.05785678958386098
100000008744799100,peripheral,0.4,43,"Низкая активность: 1 входящих, 0 исходящих связей.",0.056081940069752485
100000008759857100,peripheral,0.4,52,"Низкая активность: 1 входящих, 2 исходящих связей.",0.05949286089953423
100000005910114100,distributor,0.75,32,Признаки распределения: 19 получателей против 3 входящих (выход в 6.3× больше входа). Входит в короткий возвратный цикл переводов (≤4 шага).,0.44043312247779237
100000003760160100,peripheral,0.4,18,"Низкая активность: 1 входящих, 0 исходящих связей.",0.0561529508878566
100000008677215100,peripheral,0.4,42,"Низкая активность: 1 входящих, 0 исходящих связей.",0.05692458137079859
100000000795374100,peripheral,0.4,57,"Низкая активность: 1 входящих, 0 исходящих связей.",0.05649255056312659
100000003528285100,peripheral,0.45,65,"Смешанная активность без выраженной посреднической роли: 4 вх./4 исх., betweenness=0.000",0.07506846306456143
100000006169033100,peripheral,0.4,67,"Низкая активность: 1 входящих, 3 исходящих связей. Входит в короткий возвратный цикл переводов (≤4 шага).",0.06813345517660101
100000001270349100,peripheral,0.4,34,"Низкая активность: 1 входящих, 0 исходящих связей.",0.05947257446990152
100000002548759100,peripheral,0.4,35,"Низкая активность: 2 входящих, 0 исходящих связей.",0.05882726009612736
100000006734214100,peripheral,0.45,18,"Смешанная активность без выраженной посреднической роли: 5 вх./3 исх., betweenness=0.000",0.08456228074766847
100000003105929100,peripheral,0.4,18,"Низкая активность: 1 входящих, 1 исходящих связей.",0.05858905364999336
100000000611474100,peripheral,0.4,42,"Низкая активность: 1 входящих, 0 исходящих связей.",0.0714971920669469
100000002185328100,peripheral,0.4,68,"Низкая активность: 1 входящих, 4 исходящих связей.",0.0667655982551871
100000008190442100,peripheral,0.4,43,"Низкая активность: 1 входящих, 0 исходящих связей.",0.05608506384676046
100000008754997100,peripheral,0.4,43,"Низкая активность: 1 входящих, 0 исходящих связей.",0.05612411105936008
100000006641671100,peripheral,0.4,57,"Низкая активность: 2 входящих, 1 исходящих связей.",0.06716062883257296
100000005342513100,peripheral,0.4,43,"Низкая активность: 1 входящих, 1 исходящих связей. Входит в короткий возвратный цикл переводов (≤4 шага).",0.09751088281720233
100000002611334100,peripheral,0.4,32,"Низкая активность: 1 входящих, 1 исходящих связей.",0.05888160293595627
100000005186131100,peripheral,0.4,32,"Низкая активность: 1 входящих, 1 исходящих связей.",0.05792064271974877
100000008652094100,peripheral,0.4,32,"Низкая активность: 1 входящих, 0 исходящих связей.",0.05608217117555729
100000008748795100,peripheral,0.4,32,"Низкая активность: 1 входящих, 0 исходящих связей.",0.056116147829652116
100000007737775100,peripheral,0.4,30,"Низкая активность: 1 входящих, 0 исходящих связей.",0.05686218255329685
100000008473765100,peripheral,0.4,57,"Низкая активность: 1 входящих, 0 исходящих связей.",0.05628894677547654
100000001484381100,peripheral,0.4,11,"Низкая активность: 2 входящих, 0 исходящих связей.",0.05946666259850378
100000007863304100,peripheral,0.4,18,"Низкая активность: 1 входящих, 0 исходящих связей.",0.0560240813911813
100000000733451100,peripheral,0.4,26,"Низкая активность: 1 входящих, 1 исходящих связей.",0.07074574555188197
100000002578653100,peripheral,0.4,56,"Низкая активность: 1 входящих, 0 исходящих связей.",0.05727149601416259
100000001835625100,peripheral,0.4,18,"Низкая активность: 1 входящих, 0 исходящих связей.",0.05610537279508633
100000004077081100,peripheral,0.4,65,"Низкая активность: 1 входящих, 4 исходящих связей.",0.06428172675285682
100000007472293100,peripheral,0.4,66,"Низкая активность: 1 входящих, 3 исходящих связей.",0.061641327081153864
100000008463968100,peripheral,0.4,43,"Низкая активность: 1 входящих, 0 исходящих связей.",0.05606163551920068
100000002954780100,peripheral,0.4,35,"Низкая активность: 1 входящих, 0 исходящих связей.",0.05632742205266633
100000003031003100,peripheral,0.4,33,"Низкая активность: 3 входящих, 0 исходящих связей.",0.060670770045661515
100000008688109100,peripheral,0.4,43,"Низкая активность: 1 входящих, 0 исходящих связей.",0.05608350195825647
100000006225798100,peripheral,0.4,54,"Низкая активность: 3 входящих, 2 исходящих связей.",0.06691384340370853
100000005061890100,peripheral,0.4,65,"Низкая активность: 1 входящих, 0 исходящих связей.",0.068445198735674
100000001110358100,peripheral,0.4,32,"Низкая активность: 2 входящих, 0 исходящих связей.",0.05804955206726117
100000004587414100,peripheral,0.4,18,"Низкая активность: 2 входящих, 0 исходящих связей.",0.059144622810342315
100000005830339100,consolidator,0.9,65,"Признаки консолидации: получает от 5 плательщиков, отдаёт 1 (вход в 5.0× больше выхода).",0.4284047186911596
100000008751349100,peripheral,0.4,27,"Низкая активность: 1 входящих, 0 исходящих связей.",0.056129468976732134
100000008314863100,peripheral,0.4,65,"Низкая активность: 1 входящих, 0 исходящих связей.",0.06756815655728998
100000002257794100,peripheral,0.4,25,"Низкая активность: 1 входящих, 0 исходящих связей.",0.08475724340029507
100000008715887100,peripheral,0.4,43,"Низкая активность: 1 входящих, 0 исходящих связей.",0.05612411105936008
100000002391278100,peripheral,0.4,34,"Низкая активность: 1 входящих, 1 исходящих связей. Входит в короткий возвратный цикл переводов (≤4 шага).",0.06296987159977796
100000002691583100,peripheral,0.4,27,"Низкая активность: 1 входящих, 0 исходящих связей.",0.05956209931883315
100000007593823100,distributor,0.75,32,Признаки распределения: 13 получателей против 3 входящих (выход в 4.3× больше входа). Входит в короткий возвратный цикл переводов (≤4 шага).,0.3692446977936403
100000002705460100,peripheral,0.4,21,"Низкая активность: 1 входящих, 0 исходящих связей.",0.06960112242216719
100000006967370100,peripheral,0.4,54,"Низкая активность: 1 входящих, 1 исходящих связей.",0.05829399830015169
100000001149815100,peripheral,0.4,43,"Низкая активность: 1 входящих, 0 исходящих связей.",0.05607725440424053
100000008687990100,peripheral,0.4,43,"Низкая активность: 1 входящих, 0 исходящих связей.",0.056120987282352104
100000004603109100,peripheral,0.4,29,"Низкая активность: 3 входящих, 2 исходящих связей. Входит в короткий возвратный цикл переводов (≤4 шага).",0.20751365474998956
100000004475818100,peripheral,0.4,18,"Низкая активность: 1 входящих, 3 исходящих связей. Входит в короткий возвратный цикл переводов (≤4 шага).",0.06305383160670011
100000002433697100,peripheral,0.4,18,"Низкая активность: 1 входящих, 1 исходящих связей.",0.058103272241782314
100000004407753100,peripheral,0.4,48,"Низкая активность: 1 входящих, 1 исходящих связей. Входит в короткий возвратный цикл переводов (≤4 шага).",0.0873492994865312
100000008692291100,peripheral,0.45,35,"Смешанная активность без выраженной посреднической роли: 3 вх./3 исх., betweenness=0.000",0.06628792020973717
100000008684767100,peripheral,0.4,43,"Низкая активность: 1 входящих, 0 исходящих связей.",0.05622641475637108
100000008687733100,peripheral,0.4,43,"Низкая активность: 1 входящих, 0 исходящих связей.",0.05609794942691833
100000003060517100,peripheral,0.4,54,"Низкая активность: 1 входящих, 0 исходящих связей.",0.05980196642638623
100000001745217100,peripheral,0.4,32,"Низкая активность: 1 входящих, 0 исходящих связей.",0.05620540450169114
100000002963189100,distributor,0.9,19,Признаки распределения: 7 получателей против 1 входящих (выход в 7.0× больше входа). Входит в короткий возвратный цикл переводов (≤4 шага).,0.35572880826564274
100000008735832100,peripheral,0.4,43,"Низкая активность: 1 входящих, 0 исходящих связей.",0.056120987282352104
100000002621434100,peripheral,0.4,35,"Низкая активность: 1 входящих, 0 исходящих связей.",0.056192344374749986
100000008379273100,peripheral,0.4,11,"Низкая активность: 2 входящих, 4 исходящих связей.",0.08406524406419415
100000002521039100,peripheral,0.4,32,"Низкая активность: 1 входящих, 0 исходящих связей.",0.05696806656809193
100000002547110100,consolidator,0.9,35,"Признаки консолидации: получает от 6 плательщиков, отдаёт 0 (вход в 6.0× больше выхода).",0.43777051065334144
100000002369510100,peripheral,0.4,43,"Низкая активность: 1 входящих, 0 исходящих связей.",0.05627366188361661
100000002369874100,peripheral,0.4,35,"Низкая активность: 4 входящих, 0 исходящих связей.",0.06365905727659045
100000002697752100,peripheral,0.4,57,"Низкая активность: 2 входящих, 0 исходящих связей.",0.05988055978026541
100000001145749100,peripheral,0.4,65,"Низкая активность: 1 входящих, 0 исходящих связей.",0.06563738731340855
100000008680912100,peripheral,0.4,38,"Низкая активность: 1 входящих, 1 исходящих связей. Входит в короткий возвратный цикл переводов (≤4 шага).",0.07016765875888825
100000004959752100,peripheral,0.4,65,"Низкая активность: 1 входящих, 0 исходящих связей.",0.08096635870777147
100000001837130100,peripheral,0.4,32,"Низкая активность: 1 входящих, 0 исходящих связей.",0.056750744757792404
100000005367445100,peripheral,0.4,35,"Низкая активность: 1 входящих, 1 исходящих связей. Входит в короткий возвратный цикл переводов (≤4 шага).",0.13560523105186534
100000003834495100,peripheral,0.4,32,"Низкая активность: 3 входящих, 1 исходящих связей.",0.07787673567072494
100000005995391100,peripheral,0.4,43,"Низкая активность: 1 входящих, 0 исходящих связей.",0.05611786350534413
100000005052998100,peripheral,0.4,32,"Низкая активность: 1 входящих, 1 исходящих связей. Входит в короткий возвратный цикл переводов (≤4 шага).",0.057753476759035166
100000001009583100,peripheral,0.4,18,"Низкая активность: 1 входящих, 0 исходящих связей.",0.05662203455846521
100000002511581100,peripheral,0.4,43,"Низкая активность: 1 входящих, 0 исходящих связей.",0.056120987282352104
100000003031761100,peripheral,0.4,57,"Низкая активность: 1 входящих, 0 исходящих связей.",0.05762428231127284
100000004750897100,peripheral,0.4,44,"Низкая активность: 1 входящих, 0 исходящих связей.",0.06623115755157624
100000008720668100,peripheral,0.4,43,"Низкая активность: 1 входящих, 0 исходящих связей.",0.05610849217432023
100000003366471100,peripheral,0.4,57,"Низкая активность: 2 входящих, 1 исходящих связей.",0.06333613666763442
100000003154105100,distributor,0.9,68,Признаки распределения: 7 получателей против 1 входящих (выход в 7.0× больше входа).,0.36267277565691897
100000008755168100,peripheral,0.4,43,"Низкая активность: 1 входящих, 0 исходящих связей.",0.056120987282352104
100000008011573100,peripheral,0.4,54,"Низкая активность: 1 входящих, 0 исходящих связей.",0.05616482127626085
100000008662216100,peripheral,0.4,43,"Низкая активность: 1 входящих, 0 исходящих связей.",0.05618814848802345
100000007390016100,peripheral,0.4,50,"Низкая активность: 1 входящих, 1 исходящих связей. Входит в короткий возвратный цикл переводов (≤4 шага).",0.135605476238048
100000008677518100,peripheral,0.4,43,"Низкая активность: 1 входящих, 0 исходящих связей.",0.05636386094472174
100000002644285100,peripheral,0.4,33,"Низкая активность: 1 входящих, 0 исходящих связей.",0.05717518471596436
100000004635886100,peripheral,0.4,21,"Низкая активность: 1 входящих, 0 исходящих связей.",0.05632824748967442
100000008761219100,peripheral,0.4,66,"Низкая активность: 2 входящих, 2 исходящих связей.",0.06189672223100055
100000005475379100,peripheral,0.4,0,"Низкая активность: 1 входящих, 3 исходящих связей.",0.06860466519271087
100000001785161100,peripheral,0.4,64,"Низкая активность: 2 входящих, 0 исходящих связей.",0.059962659557354595
100000005610717100,peripheral,0.4,32,"Низкая активность: 4 входящих, 1 исходящих связей.",0.06592808405212755
100000008667795100,peripheral,0.4,43,"Низкая активность: 1 входящих, 0 исходящих связей.",0.056249062139678854
100000005704413100,distributor,0.75,11,Признаки распределения: 32 получателей против 3 входящих (выход в 10.7× больше входа). Входит в короткий возвратный цикл переводов (≤4 шага).,0.4378626264245803
100000006020215100,peripheral,0.4,26,"Низкая активность: 1 входящих, 2 исходящих связей.",0.06060327967233635
100000001597424100,peripheral,0.4,19,"Низкая активность: 1 входящих, 0 исходящих связей.",0.056663802047685154
100000001550419100,peripheral,0.4,19,"Низкая активность: 1 входящих, 0 исходящих связей.",0.056308821799505096
100000006882208100,peripheral,0.4,21,"Низкая активность: 1 входящих, 0 исходящих связей.",0.073733621372157
100000003293377100,peripheral,0.4,18,"Низкая активность: 1 входящих, 0 исходящих связей.",0.05606462168836114
100000008744364100,peripheral,0.4,43,"Низкая активность: 1 входящих, 0 исходящих связей.",0.05616862488172364
100000005820746100,peripheral,0.4,29,"Низкая активность: 1 входящих, 1 исходящих связей. Входит в короткий возвратный цикл переводов (≤4 шага).",0.09289813282270354
100000002214664100,peripheral,0.4,43,"Низкая активность: 1 входящих, 1 исходящих связей.",0.05775598517335933
100000008753061100,peripheral,0.4,43,"Низкая активность: 1 входящих, 0 исходящих связей.",0.05620532926156728
100000002877262100,peripheral,0.4,35,"Низкая активность: 1 входящих, 0 исходящих связей.",0.0567014750735056
100000005198498100,peripheral,0.4,43,"Низкая активность: 1 входящих, 0 исходящих связей.",0.05620845303857525
100000005661528100,peripheral,0.4,57,"Низкая активность: 1 входящих, 0 исходящих связей.",0.05625984771416974
100000002633108100,peripheral,0.4,19,"Низкая активность: 1 входящих, 0 исходящих связей.",0.06050918569231302
100000006573438100,peripheral,0.4,67,"Низкая активность: 1 входящих, 0 исходящих связей.",0.05665990136128932
100000004064431100,peripheral,0.4,25,"Низкая активность: 1 входящих, 1 исходящих связей.",0.05796389037691755
100000003795588100,peripheral,0.4,32,"Низкая активность: 1 входящих, 0 исходящих связей.",0.05775844835551898
100000002883402100,peripheral,0.4,35,"Низкая активность: 3 входящих, 0 исходящих связей.",0.06012829733232619
100000004997515100,peripheral,0.45,35,"Смешанная активность без выраженной посреднической роли: 4 вх./4 исх., betweenness=0.000",0.07240003076670092
100000008388049100,peripheral,0.4,33,"Низкая активность: 1 входящих, 0 исходящих связей.",0.05716660488188623
100000003814002100,peripheral,0.4,18,"Низкая активность: 1 входящих, 0 исходящих связей.",0.05603218945061726
100000003152964100,peripheral,0.4,57,"Низкая активность: 1 входящих, 1 исходящих связей.",0.05933649201978698
100000002914245100,peripheral,0.4,57,"Низкая активность: 1 входящих, 0 исходящих связей.",0.056484632003155386
100000008043184100,peripheral,0.4,54,"Низкая активность: 1 входящих, 0 исходящих связей.",0.056381760552108716
100000008595687100,peripheral,0.4,21,"Низкая активность: 1 входящих, 1 исходящих связей. Входит в короткий возвратный цикл переводов (≤4 шага).",0.06199595773337903
100000006048193100,peripheral,0.4,32,"Низкая активность: 1 входящих, 0 исходящих связей.",0.05652600483533652
100000004629688100,peripheral,0.4,44,"Низкая активность: 1 входящих, 1 исходящих связей. Входит в короткий возвратный цикл переводов (≤4 шага).",0.06280226457702613
100000006532229100,peripheral,0.4,35,"Низкая активность: 1 входящих, 0 исходящих связей.",0.05673737177248081
100000000560751100,peripheral,0.4,26,"Низкая активность: 1 входящих, 0 исходящих связей.",0.06933707740502248
100000004931931100,peripheral,0.4,32,"Низкая активность: 1 входящих, 1 исходящих связей.",0.05820492202030183
100000004591973100,peripheral,0.4,2,"Низкая активность: 1 входящих, 1 исходящих связей.",0.0635878597624366
100000005941908100,peripheral,0.4,19,"Низкая активность: 1 входящих, 0 исходящих связей.",0.07633698896539565
100000003796063100,distributor,0.9,32,Признаки распределения: 15 получателей против 1 входящих (выход в 15.0× больше входа). Входит в короткий возвратный цикл переводов (≤4 шага).,0.39453294544761974
100000000640800100,peripheral,0.4,57,"Низкая активность: 1 входящих, 4 исходящих связей.",0.06526382276364516
100000008254576100,peripheral,0.4,51,"Низкая активность: 1 входящих, 1 исходящих связей.",0.05820218201061333
100000008501413100,peripheral,0.4,30,"Низкая активность: 1 входящих, 1 исходящих связей.",0.06197120952254974
100000003097324100,peripheral,0.4,52,"Низкая активность: 2 входящих, 0 исходящих связей.",0.059702086282463505
100000002956779100,peripheral,0.4,65,"Низкая активность: 1 входящих, 0 исходящих связей.",0.061864621027088465
100000007653003100,peripheral,0.4,54,"Низкая активность: 1 входящих, 0 исходящих связей.",0.05677109638651641
100000008548853100,peripheral,0.4,43,"Низкая активность: 1 входящих, 0 исходящих связей.",0.05609287328928038
100000008454065100,peripheral,0.4,19,"Низкая активность: 1 входящих, 0 исходящих связей.",0.0563236715708433
100000000413678100,peripheral,0.4,57,"Низкая активность: 2 входящих, 3 исходящих связей.",0.06416223749352643
100000008708595100,peripheral,0.4,43,"Низкая активность: 1 входящих, 0 исходящих связей.",0.05611786350534413
100000008751380100,peripheral,0.4,35,"Низкая активность: 2 входящих, 0 исходящих связей.",0.059039149867070484
100000004552204100,peripheral,0.4,9,"Низкая активность: 1 входящих, 2 исходящих связей. Входит в короткий возвратный цикл переводов (≤4 шага).",0.08857544272817437
100000001046626100,peripheral,0.4,18,"Низкая активность: 1 входящих, 0 исходящих связей.",0.05622678287708054
100000005182219100,peripheral,0.4,18,"Низкая активность: 2 входящих, 0 исходящих связей.",0.06110890604129391
100000004979283100,peripheral,0.4,11,"Низкая активность: 1 входящих, 0 исходящих связей.",0.05673169667182194
100000002646745100,peripheral,0.4,43,"Низкая активность: 1 входящих, 0 исходящих связей.",0.05607959723699651
100000001285440100,peripheral,0.4,52,"Низкая активность: 2 входящих, 0 исходящих связей.",0.059419468685516647
100000002305007100,peripheral,0.4,43,"Низкая активность: 1 входящих, 0 исходящих связей.",0.05642086987511718
100000001298099100,peripheral,0.4,11,"Низкая активность: 1 входящих, 0 исходящих связей.",0.056337746116890644
100000003112578100,peripheral,0.4,33,"Низкая активность: 1 входящих, 0 исходящих связей.",0.05622444376861747
100000004569484100,peripheral,0.4,11,"Низкая активность: 2 входящих, 4 исходящих связей. Входит в короткий возвратный цикл переводов (≤4 шага).",0.0972528242317111
100000004007197100,peripheral,0.4,25,"Низкая активность: 1 входящих, 0 исходящих связей.",0.0560895872120514
100000001600934100,peripheral,0.4,57,"Низкая активность: 1 входящих, 1 исходящих связей. Входит в короткий возвратный цикл переводов (≤4 шага).",0.16181663576618685
100000005172860100,peripheral,0.4,32,"Низкая активность: 1 входящих, 0 исходящих связей.",0.05629508913348834
100000005996909100,peripheral,0.4,44,"Низкая активность: 1 входящих, 0 исходящих связей.",0.05750363767574766
100000003134474100,peripheral,0.4,18,"Низкая активность: 1 входящих, 0 исходящих связей.",0.05617164807291595
100000002109656100,peripheral,0.4,33,"Низкая активность: 1 входящих, 0 исходящих связей.",0.05717518471596436
100000005041905100,peripheral,0.4,43,"Низкая активность: 1 входящих, 1 исходящих связей. Входит в короткий возвратный цикл переводов (≤4 шага).",0.05771750356083835
100000002284426100,peripheral,0.4,18,"Низкая активность: 1 входящих, 0 исходящих связей.",0.056129486163848906
100000008086440100,distributor,0.9,32,Признаки распределения: 5 получателей против 1 входящих (выход в 5.0× больше входа). Входит в короткий возвратный цикл переводов (≤4 шага).,0.3482365183239807
100000007005380100,peripheral,0.4,18,"Низкая активность: 1 входящих, 0 исходящих связей.",0.05686048536229741
100000007131370100,peripheral,0.4,44,"Низкая активность: 1 входящих, 1 исходящих связей. Входит в короткий возвратный цикл переводов (≤4 шага).",0.08842130572096313
100000001275752100,peripheral,0.4,35,"Низкая активность: 1 входящих, 0 исходящих связей.",0.056374080563549644
100000004970752100,peripheral,0.4,32,"Низкая активность: 1 входящих, 0 исходящих связей.",0.0788644205627899
100000003178549100,peripheral,0.4,54,"Низкая активность: 2 входящих, 4 исходящих связей. Входит в короткий возвратный цикл переводов (≤4 шага).",0.07081983487188886
100000006530134100,peripheral,0.4,18,"Низкая активность: 2 входящих, 0 исходящих связей.",0.05835486159709239
100000007229557100,peripheral,0.4,52,"Низкая активность: 3 входящих, 0 исходящих связей.",0.06480923905717166
100000003089553100,peripheral,0.4,35,"Низкая активность: 1 входящих, 0 исходящих связей.",0.05706044206325768
100000002459164100,peripheral,0.4,32,"Низкая активность: 1 входящих, 0 исходящих связей.",0.0688056287859447
100000005367284100,peripheral,0.4,32,"Низкая активность: 1 входящих, 2 исходящих связей.",0.059980208458672586
100000002748581100,peripheral,0.4,19,"Низкая активность: 1 входящих, 0 исходящих связей.",0.05656593498324666
100000008706846100,peripheral,0.4,43,"Низкая активность: 1 входящих, 0 исходящих связей.",0.05609443517778436
100000007591246100,peripheral,0.4,26,"Низкая активность: 1 входящих, 1 исходящих связей.",0.05830648379766668
100000001229743100,peripheral,0.4,32,"Низкая активность: 1 входящих, 1 исходящих связей.",0.058035851979013446
100000002475601100,peripheral,0.4,57,"Низкая активность: 1 входящих, 0 исходящих связей.",0.056811384714254266
100000008582730100,peripheral,0.4,37,"Низкая активность: 1 входящих, 1 исходящих связей. Входит в короткий возвратный цикл переводов (≤4 шага).",0.08805114655196153
100000006844004100,peripheral,0.4,32,"Низкая активность: 1 входящих, 0 исходящих связей.",0.06898640898999625
100000002849158100,peripheral,0.4,35,"Низкая активность: 3 входящих, 1 исходящих связей.",0.06385762260046304
100000001303311100,consolidator,0.9,52,"Признаки консолидации: получает от 5 плательщиков, отдаёт 0 (вход в 5.0× больше выхода).",0.43357739919507077
100000008712991100,peripheral,0.4,43,"Низкая активность: 1 входящих, 0 исходящих связей.",0.05649974524456841
100000002435265100,peripheral,0.4,32,"Низкая активность: 1 входящих, 0 исходящих связей.",0.05635728710704685
100000005186109100,peripheral,0.4,44,"Низкая активность: 1 входящих, 0 исходящих связей.",0.07201236668075985
100000002481974100,peripheral,0.4,57,"Низкая активность: 2 входящих, 2 исходящих связей.",0.06380732070427712
100000002822472100,peripheral,0.4,33,"Низкая активность: 2 входящих, 0 исходящих связей.",0.059012719320250394
100000004564736100,peripheral,0.4,42,"Низкая активность: 1 входящих, 0 исходящих связей.",0.060546089190146535
100000005857058100,peripheral,0.4,32,"Низкая активность: 3 входящих, 0 исходящих связей.",0.06459530815015278
100000001860090100,peripheral,0.4,34,"Низкая активность: 1 входящих, 0 исходящих связей.",0.06061019564469808
100000001686328100,peripheral,0.4,35,"Низкая активность: 1 входящих, 0 исходящих связей.",0.05745884518955359
100000008653041100,peripheral,0.4,43,"Низкая активность: 1 входящих, 0 исходящих связей.",0.056202205484559314
100000008776310100,peripheral,0.4,43,"Низкая активность: 1 входящих, 0 исходящих связей.",0.05613348239038399
100000008436257100,peripheral,0.4,54,"Низкая активность: 2 входящих, 0 исходящих связей.",0.05812930299907078
100000002645993100,distributor,0.9,32,Признаки распределения: 5 получателей против 2 входящих (выход в 2.5× больше входа). Входит в короткий возвратный цикл переводов (≤4 шага).,0.3475855308145877
100000002956769100,peripheral,0.4,33,"Низкая активность: 3 входящих, 0 исходящих связей.",0.06433757491473359
100000002530224100,peripheral,0.4,35,"Низкая активность: 1 входящих, 0 исходящих связей.",0.056274834559737065
100000003093299100,peripheral,0.4,32,"Низкая активность: 1 входящих, 0 исходящих связей.",0.05602581112895395
100000002459832100,peripheral,0.4,57,"Низкая активность: 2 входящих, 0 исходящих связей.",0.06306322276354079
100000001046057100,peripheral,0.4,35,"Низкая активность: 1 входящих, 0 исходящих связей.",0.05763199270733796
100000008708025100,peripheral,0.4,48,"Низкая активность: 1 входящих, 0 исходящих связей.",0.057170374819533146
100000005048668100,distributor,0.9,57,Признаки распределения: 8 получателей против 2 входящих (выход в 4.0× больше входа). Входит в короткий возвратный цикл переводов (≤4 шага).,0.35867193337630116
100000008493007100,peripheral,0.4,43,"Низкая активность: 1 входящих, 1 исходящих связей.",0.057898117027221946
100000001688676100,peripheral,0.4,37,"Низкая активность: 1 входящих, 0 исходящих связей.",0.0571275921567734
100000008739887100,peripheral,0.4,57,"Низкая активность: 2 входящих, 2 исходящих связей.",0.06388456491766357
100000003270419100,peripheral,0.4,26,"Низкая активность: 1 входящих, 0 исходящих связей.",0.08339864268992686
100000008724461100,peripheral,0.4,35,"Низкая активность: 1 входящих, 1 исходящих связей.",0.05818583067856021
100000007197866100,peripheral,0.4,57,"Низкая активность: 1 входящих, 1 исходящих связей.",0.05809606648409715
100000008465789100,distributor,0.9,35,Признаки распределения: 16 получателей против 1 входящих (выход в 16.0× больше входа). Входит в короткий возвратный цикл переводов (≤4 шага).,0.37272793762126194
100000008730371100,peripheral,0.4,32,"Низкая активность: 2 входящих, 0 исходящих связей.",0.08633850909345353
100000008712036100,peripheral,0.4,43,"Низкая активность: 1 входящих, 0 исходящих связей.",0.05614753938691985
100000008686247100,peripheral,0.4,29,"Низкая активность: 1 входящих, 1 исходящих связей. Входит в короткий возвратный цикл переводов (≤4 шага).",0.05908468003997242
100000002975287100,peripheral,0.4,54,"Низкая активность: 1 входящих, 0 исходящих связей.",0.05616482127626085
100000002612809100,peripheral,0.4,58,"Низкая активность: 1 входящих, 3 исходящих связей. Входит в короткий возвратный цикл переводов (≤4 шага).",0.06822718415801422
100000003594472100,peripheral,0.4,31,"Низкая активность: 1 входящих, 0 исходящих связей.",0.05642807687910197
100000001689968100,peripheral,0.4,18,"Низкая активность: 3 входящих, 0 исходящих связей.",0.06205396861467255
100000001714413100,peripheral,0.4,18,"Низкая активность: 1 входящих, 0 исходящих связей.",0.05638922298304454
100000002032323100,peripheral,0.4,35,"Низкая активность: 1 входящих, 1 исходящих связей.",0.0638251356156496
100000002646887100,peripheral,0.4,35,"Низкая активность: 1 входящих, 0 исходящих связей.",0.056464797274667924
100000002546921100,peripheral,0.4,19,"Низкая активность: 1 входящих, 0 исходящих связей.",0.05626639388139592
100000003016438100,peripheral,0.4,35,"Низкая активность: 1 входящих, 1 исходящих связей.",0.05947360889353871
100000002712416100,peripheral,0.4,33,"Низкая активность: 2 входящих, 0 исходящих связей.",0.05853347564478052
100000008561016100,peripheral,0.4,35,"Низкая активность: 1 входящих, 1 исходящих связей.",0.058391770003198736
100000003561031100,peripheral,0.4,57,"Низкая активность: 1 входящих, 1 исходящих связей.",0.05802785921523439
100000008633099100,peripheral,0.4,10,"Низкая активность: 1 входящих, 1 исходящих связей.",0.05821232654029869
100000008712827100,peripheral,0.4,43,"Низкая активность: 1 входящих, 0 исходящих связей.",0.056577058725515654
100000002653948100,peripheral,0.4,18,"Низкая активность: 1 входящих, 0 исходящих связей.",0.056121702426790376
100000001236706100,peripheral,0.4,26,"Низкая активность: 3 входящих, 2 исходящих связей.",0.08725325627156276
100000002508637100,peripheral,0.4,57,"Низкая активность: 1 входящих, 1 исходящих связей.",0.05877922483803192
100000005873152100,peripheral,0.4,0,"Низкая активность: 1 входящих, 1 исходящих связей. Входит в короткий возвратный цикл переводов (≤4 шага).",0.06678365256173045
100000003635660100,peripheral,0.4,32,"Низкая активность: 1 входящих, 0 исходящих связей.",0.0562313496103095
100000007170072100,peripheral,0.4,57,"Низкая активность: 1 входящих, 2 исходящих связей.",0.06090661077956591
100000002952756100,peripheral,0.4,0,"Низкая активность: 1 входящих, 0 исходящих связей.",0.060093449128868597
100000003292191100,peripheral,0.4,52,"Низкая активность: 1 входящих, 0 исходящих связей.",0.05668700072224388
100000004889043100,peripheral,0.4,32,"Низкая активность: 2 входящих, 0 исходящих связей.",0.05832531393774688
100000008536546100,peripheral,0.4,52,"Низкая активность: 2 входящих, 0 исходящих связей.",0.05926376260277481
100000008664774100,peripheral,0.4,43,"Низкая активность: 1 входящих, 0 исходящих связей.",0.056110835007076205
100000001788284100,distributor,0.9,47,Признаки распределения: 5 получателей против 1 входящих (выход в 5.0× больше входа). Входит в короткий возвратный цикл переводов (≤4 шага).,0.34581115349592195
100000000976943100,peripheral,0.4,0,"Низкая активность: 1 входящих, 1 исходящих связей.",0.062318874744254835
100000008767027100,peripheral,0.4,52,"Низкая активность: 1 входящих, 0 исходящих связей.",0.05602174930217214
100000008238112100,peripheral,0.4,18,"Низкая активность: 1 входящих, 0 исходящих связей.",0.05629164735256831
100000002212494100,peripheral,0.4,31,"Низкая активность: 1 входящих, 0 исходящих связей.",0.059539827374805676
100000006746688100,peripheral,0.4,43,"Низкая активность: 1 входящих, 0 исходящих связей.",0.05630372823731832
100000000569479100,peripheral,0.4,32,"Низкая активность: 1 входящих, 0 исходящих связей.",0.06145663047454883
100000004580254100,peripheral,0.4,54,"Низкая активность: 2 входящих, 0 исходящих связей.",0.059014891520940846
100000008038077100,peripheral,0.4,18,"Низкая активность: 1 входящих, 0 исходящих связей.",0.05679410379581537
100000006714366100,peripheral,0.4,26,"Низкая активность: 1 входящих, 1 исходящих связей.",0.0580869439726992
100000006492770100,peripheral,0.4,32,"Низкая активность: 1 входящих, 1 исходящих связей.",0.05865050532326204
100000001282143100,consolidator,0.9,33,"Признаки консолидации: получает от 5 плательщиков, отдаёт 0 (вход в 5.0× больше выхода).",0.42857702487927113
100000007597382100,peripheral,0.4,18,"Низкая активность: 1 входящих, 0 исходящих связей.",0.05600900040063039
100000002537811100,peripheral,0.4,0,"Низкая активность: 1 входящих, 1 исходящих связей.",0.10529596303252299
100000002872399100,peripheral,0.4,10,"Низкая активность: 1 входящих, 0 исходящих связей.",0.07700837379121075
100000003888527100,peripheral,0.4,67,"Низкая активность: 1 входящих, 0 исходящих связей.",0.06004170269772867
100000005037490100,peripheral,0.4,26,"Низкая активность: 1 входящих, 2 исходящих связей. Входит в короткий возвратный цикл переводов (≤4 шага).",0.0614725173712965
100000008612257100,peripheral,0.4,54,"Низкая активность: 1 входящих, 0 исходящих связей.",0.05609835187609907
100000008259451100,peripheral,0.4,19,"Низкая активность: 1 входящих, 0 исходящих связей.",0.05676138625933625
100000002301828100,peripheral,0.4,54,"Низкая активность: 1 входящих, 0 исходящих связей.",0.0563535109437662
100000005357705100,peripheral,0.4,57,"Низкая активность: 1 входящих, 4 исходящих связей.",0.06415465456435679
100000001831496100,peripheral,0.4,0,"Низкая активность: 1 входящих, 1 исходящих связей.",0.05805261400859809
100000000254336100,peripheral,0.4,32,"Низкая активность: 2 входящих, 1 исходящих связей.",0.05990589688793107
100000001674850100,peripheral,0.4,35,"Низкая активность: 2 входящих, 0 исходящих связей.",0.059105688709701676
100000000764836100,peripheral,0.4,57,"Низкая активность: 1 входящих, 2 исходящих связей.",0.062363900849498846
100000001317336100,peripheral,0.4,31,"Низкая активность: 1 входящих, 2 исходящих связей.",0.06273510015009486
100000008775471100,peripheral,0.4,52,"Низкая активность: 1 входящих, 0 исходящих связей.",0.05962645702597116
100000005100475100,peripheral,0.4,34,"Низкая активность: 1 входящих, 0 исходящих связей.",0.058594420380903595
100000003899899100,peripheral,0.4,21,"Низкая активность: 2 входящих, 1 исходящих связей.",0.07802345859545955
100000001056414100,peripheral,0.4,33,"Низкая активность: 1 входящих, 0 исходящих связей.",0.0565793629049829
100000008753897100,peripheral,0.4,43,"Низкая активность: 1 входящих, 0 исходящих связей.",0.05617135818660561
100000008745884100,peripheral,0.4,43,"Низкая активность: 1 входящих, 0 исходящих связей.",0.05613972994439992
100000008517538100,distributor,0.75,35,Признаки распределения: 17 получателей против 3 входящих (выход в 5.7× больше входа).,0.3719969534827681
100000003968044100,peripheral,0.4,57,"Низкая активность: 1 входящих, 3 исходящих связей. Входит в короткий возвратный цикл переводов (≤4 шага).",0.06232098675864059
100000005317181100,peripheral,0.4,32,"Низкая активность: 1 входящих, 1 исходящих связей.",0.05973617894235242
100000008659950100,peripheral,0.4,35,"Низкая активность: 1 входящих, 0 исходящих связей.",0.05774965868358166
100000000870121100,peripheral,0.4,26,"Низкая активность: 1 входящих, 0 исходящих связей.",0.05748988762968117
100000002755292100,peripheral,0.4,18,"Низкая активность: 1 входящих, 0 исходящих связей.",0.0563133769518567
100000001714173100,peripheral,0.4,52,"Низкая активность: 1 входящих, 0 исходящих связей.",0.07024910660216145
100000008717802100,peripheral,0.4,43,"Низкая активность: 1 входящих, 0 исходящих связей.",0.056187758015897454
100000002809896100,peripheral,0.4,11,"Низкая активность: 1 входящих, 0 исходящих связей.",0.056691951139779845
100000004611571100,peripheral,0.4,32,"Низкая активность: 1 входящих, 0 исходящих связей.",0.05604708704654671
100000008514970100,peripheral,0.4,57,"Низкая активность: 1 входящих, 1 исходящих связей.",0.059041353995165614
100000002184107100,peripheral,0.4,51,"Низкая активность: 1 входящих, 0 исходящих связей.",0.0562150399843076
100000002529880100,peripheral,0.4,35,"Низкая активность: 2 входящих, 0 исходящих связей.",0.058707400780827285
100000008750464100,peripheral,0.4,43,"Низкая активность: 1 входящих, 0 исходящих связей.",0.0560499213554208
100000008192264100,peripheral,0.4,18,"Низкая активность: 1 входящих, 1 исходящих связей.",0.05815647732780115
100000008430691100,peripheral,0.4,70,"Низкая активность: 1 входящих, 2 исходящих связей. Входит в короткий возвратный цикл переводов (≤4 шага).",0.060662984279846136
100000004539443100,peripheral,0.4,65,"Низкая активность: 2 входящих, 0 исходящих связей.",0.09123301232743919
100000007510875100,peripheral,0.4,11,"Низкая активность: 1 входящих, 0 исходящих связей.",0.05951990422003988
100000005222360100,peripheral,0.4,19,"Низкая активность: 1 входящих, 1 исходящих связей.",0.09470665499058455
100000002255058100,peripheral,0.4,65,"Низкая активность: 1 входящих, 0 исходящих связей.",0.06301651137894615
100000008619857100,peripheral,0.4,32,"Низкая активность: 1 входящих, 2 исходящих связей.",0.059474670578132584
100000003149149100,peripheral,0.4,18,"Низкая активность: 1 входящих, 0 исходящих связей.",0.056380836006363975
100000006471232100,peripheral,0.4,43,"Низкая активность: 1 входящих, 0 исходящих связей.",0.05630997579133426
100000008507703100,peripheral,0.4,43,"Низкая активность: 1 входящих, 0 исходящих связей.",0.056206110205819275
100000000408846100,peripheral,0.4,27,"Низкая активность: 1 входящих, 0 исходящих связей.",0.056491716437990516
100000008579978100,peripheral,0.4,18,"Низкая активность: 1 входящих, 1 исходящих связей.",0.05794759750061169
100000001825934100,peripheral,0.4,58,"Низкая активность: 1 входящих, 1 исходящих связей.",0.0672111506609027
100000001808684100,peripheral,0.4,34,"Низкая активность: 1 входящих, 1 исходящих связей. Входит в короткий возвратный цикл переводов (≤4 шага).",0.10188621519992508
100000007140834100,peripheral,0.4,34,"Низкая активность: 1 входящих, 0 исходящих связей.",0.0773332591803985
100000001140785100,peripheral,0.4,35,"Низкая активность: 2 входящих, 0 исходящих связей.",0.05916838508591134
100000001549194100,peripheral,0.4,19,"Низкая активность: 1 входящих, 0 исходящих связей.",0.056641173824693594
100000000534581100,peripheral,0.4,57,"Низкая активность: 2 входящих, 1 исходящих связей.",0.06023203777883111
100000004991812100,peripheral,0.4,42,"Низкая активность: 1 входящих, 0 исходящих связей.",0.05902523982476483
100000003406094100,peripheral,0.4,21,"Низкая активность: 1 входящих, 3 исходящих связей. Входит в короткий возвратный цикл переводов (≤4 шага).",0.0861473134516206
100000008708061100,peripheral,0.4,43,"Низкая активность: 1 входящих, 0 исходящих связей.",0.05605109277179879
100000002554175100,peripheral,0.4,11,"Низкая активность: 1 входящих, 0 исходящих связей.",0.05644253487655697
100000006111442100,peripheral,0.4,35,"Низкая активность: 1 входящих, 0 исходящих связей.",0.056481741873506915
100000008697670100,peripheral,0.4,43,"Низкая активность: 1 входящих, 0 исходящих связей.",0.056181510461881516
100000006100920100,peripheral,0.4,32,"Низкая активность: 1 входящих, 0 исходящих связей.",0.05803195941637797
100000008416433100,peripheral,0.4,19,"Низкая активность: 1 входящих, 0 исходящих связей.",0.05626639388139592
100000003164661100,peripheral,0.4,24,"Низкая активность: 1 входящих, 0 исходящих связей.",0.07175321477174246
100000007303047100,peripheral,0.4,43,"Низкая активность: 1 входящих, 0 исходящих связей.",0.056391584465667464
100000002984403100,peripheral,0.4,47,"Низкая активность: 1 входящих, 1 исходящих связей.",0.05962918976798904
100000001969496100,peripheral,0.4,19,"Низкая активность: 1 входящих, 0 исходящих связей.",0.05630514471326896
100000003962994100,peripheral,0.4,63,"Низкая активность: 1 входящих, 0 исходящих связей.",0.06577352966447264
100000002346166100,peripheral,0.4,43,"Низкая активность: 1 входящих, 0 исходящих связей.",0.05603039774912099
100000008769097100,peripheral,0.4,43,"Низкая активность: 1 входящих, 0 исходящих связей.",0.05622641475637108
100000005409680100,peripheral,0.4,37,"Низкая активность: 2 входящих, 0 исходящих связей.",0.07508881367560502
100000001445848100,peripheral,0.4,51,"Низкая активность: 1 входящих, 1 исходящих связей. Входит в короткий возвратный цикл переводов (≤4 шага).",0.07851564627688364
100000004099450100,peripheral,0.4,32,"Низкая активность: 1 входящих, 0 исходящих связей.",0.05651374662774197
100000004451012100,peripheral,0.4,37,"Низкая активность: 1 входящих, 3 исходящих связей.",0.0624910758282092
100000001538095100,peripheral,0.4,33,"Низкая активность: 2 входящих, 0 исходящих связей.",0.059908338715857025
100000004278574100,peripheral,0.4,18,"Низкая активность: 1 входящих, 1 исходящих связей.",0.05793300299362695
100000003677936100,peripheral,0.4,10,"Низкая активность: 1 входящих, 1 исходящих связей.",0.05905900948674211
100000003095610100,peripheral,0.4,11,"Низкая активность: 1 входящих, 0 исходящих связей.",0.05642471277119476
100000003109805100,peripheral,0.4,54,"Низкая активность: 1 входящих, 0 исходящих связей.",0.0562743773879743
100000004770073100,peripheral,0.4,32,"Низкая активность: 1 входящих, 1 исходящих связей.",0.05800435549888859
100000008671129100,peripheral,0.4,43,"Низкая активность: 1 входящих, 0 исходящих связей.",0.05618814848802345
100000003001661100,distributor,0.9,48,Признаки распределения: 5 получателей против 1 входящих (выход в 5.0× больше входа). Входит в короткий возвратный цикл переводов (≤4 шага).,0.3584399137712687
100000000860514100,peripheral,0.4,47,"Низкая активность: 1 входящих, 1 исходящих связей.",0.0589380289409922
100000005055454100,peripheral,0.4,24,"Низкая активность: 1 входящих, 0 исходящих связей.",0.0670119698663909
100000008667799100,peripheral,0.4,43,"Низкая активность: 1 входящих, 0 исходящих связей.",0.056249062139678854
100000000926766100,peripheral,0.4,47,"Низкая активность: 1 входящих, 1 исходящих связей. Входит в короткий возвратный цикл переводов (≤4 шага).",0.05929836453651259
100000005815602100,peripheral,0.4,21,"Низкая активность: 1 входящих, 1 исходящих связей.",0.07123424207371988
100000004779204100,peripheral,0.4,32,"Низкая активность: 1 входящих, 1 исходящих связей.",0.057978270867400684
100000001373265100,peripheral,0.4,57,"Низкая активность: 1 входящих, 1 исходящих связей.",0.05934295644004487
100000008738526100,peripheral,0.4,52,"Низкая активность: 1 входящих, 1 исходящих связей.",0.0580109448006523
100000003650146100,peripheral,0.4,21,"Низкая активность: 1 входящих, 0 исходящих связей.",0.05671196194686737
100000008767950100,peripheral,0.4,43,"Низкая активность: 1 входящих, 0 исходящих связей.",0.05611903492172213
100000006491272100,peripheral,0.4,43,"Низкая активность: 1 входящих, 0 исходящих связей.",0.05618814848802345
100000002926970100,peripheral,0.4,11,"Низкая активность: 1 входящих, 0 исходящих связей.",0.057568142512189974
100000001427082100,distributor,0.9,68,Признаки распределения: 5 получателей против 1 входящих (выход в 5.0× больше входа).,0.35302104876720963
100000008720856100,peripheral,0.4,18,"Низкая активность: 1 входящих, 1 исходящих связей.",0.0595859258343761
100000007754369100,peripheral,0.4,32,"Низкая активность: 1 входящих, 0 исходящих связей.",0.05634927848430975
100000005171642100,peripheral,0.4,34,"Низкая активность: 2 входящих, 1 исходящих связей. Входит в короткий возвратный цикл переводов (≤4 шага).",0.18354673140259475
100000004921657100,peripheral,0.4,65,"Низкая активность: 1 входящих, 1 исходящих связей.",0.06146749736417126
100000005308954100,peripheral,0.4,21,"Низкая активность: 1 входящих, 1 исходящих связей.",0.061595771346933684
100000000288317100,peripheral,0.4,32,"Низкая активность: 2 входящих, 3 исходящих связей.",0.06477601959344874
100000003574895100,peripheral,0.4,32,"Низкая активность: 1 входящих, 1 исходящих связей.",0.05797127658561721
100000005142492100,peripheral,0.4,34,"Низкая активность: 1 входящих, 1 исходящих связей. Входит в короткий возвратный цикл переводов (≤4 шага).",0.13884721837083946
100000003171006100,peripheral,0.4,35,"Низкая активность: 2 входящих, 0 исходящих связей.",0.06015014655524895
100000008343874100,peripheral,0.4,57,"Низкая активность: 2 входящих, 2 исходящих связей.",0.06260564707921586
100000007392365100,distributor,0.9,53,Признаки распределения: 6 получателей против 1 входящих (выход в 6.0× больше входа).,0.34746416016507525
100000005370580100,peripheral,0.4,26,"Низкая активность: 1 входящих, 0 исходящих связей.",0.05900564883120889
100000008661550100,peripheral,0.4,43,"Низкая активность: 1 входящих, 0 исходящих связей.",0.056161596383455706
100000001690558100,peripheral,0.4,37,"Низкая активность: 1 входящих, 0 исходящих связей.",0.062315611299321144
100000003116106100,peripheral,0.4,18,"Низкая активность: 1 входящих, 0 исходящих связей.",0.05678469844686964
100000005082652100,peripheral,0.4,10,"Низкая активность: 1 входящих, 0 исходящих связей.",0.06210961542731944
100000008687617100,peripheral,0.4,43,"Низкая активность: 1 входящих, 0 исходящих связей.",0.05632208042724014
100000003964910100,peripheral,0.4,54,"Низкая активность: 2 входящих, 0 исходящих связей.",0.06887603945402121
100000004183610100,peripheral,0.4,26,"Низкая активность: 1 входящих, 1 исходящих связей.",0.06065851051388484
100000001853812100,peripheral,0.4,57,"Низкая активность: 1 входящих, 0 исходящих связей.",0.05669615435077665
100000001819396100,peripheral,0.4,27,"Низкая активность: 1 входящих, 0 исходящих связей.",0.058067436430537384
100000002943472100,peripheral,0.4,35,"Низкая активность: 1 входящих, 0 исходящих связей.",0.057204028859158505
100000008668099100,peripheral,0.4,43,"Низкая активность: 1 входящих, 0 исходящих связей.",0.05610614934156425
100000003338583100,peripheral,0.4,25,"Низкая активность: 1 входящих, 0 исходящих связей.",0.05621324787737697
100000006444163100,peripheral,0.4,38,"Низкая активность: 1 входящих, 0 исходящих связей.",0.057651831875314044
100000004634420100,peripheral,0.4,43,"Низкая активность: 1 входящих, 0 исходящих связей.",0.056187758015897454
100000008332511100,peripheral,0.4,33,"Низкая активность: 1 входящих, 0 исходящих связей.",0.09737339385231758
100000003060187100,peripheral,0.4,37,"Низкая активность: 1 входящих, 0 исходящих связей.",0.05677972191065574
100000008417029100,peripheral,0.4,35,"Низкая активность: 1 входящих, 0 исходящих связей.",0.057037329733681544
100000002459240100,peripheral,0.4,18,"Низкая активность: 1 входящих, 0 исходящих связей.",0.05622678287708054
100000003111305100,peripheral,0.4,34,"Низкая активность: 4 входящих, 0 исходящих связей.",0.06697411245655724
100000002727288100,peripheral,0.4,44,"Низкая активность: 1 входящих, 0 исходящих связей.",0.060016405977638604
100000008722417100,peripheral,0.4,18,"Низкая активность: 1 входящих, 3 исходящих связей.",0.06224851888669809
100000002121357100,peripheral,0.4,35,"Низкая активность: 2 входящих, 1 исходящих связей.",0.061650525339586
100000005008589100,peripheral,0.4,32,"Низкая активность: 1 входящих, 0 исходящих связей.",0.056860400970322536
100000002095257100,peripheral,0.4,2,"Низкая активность: 1 входящих, 0 исходящих связей.",0.06154572285229772
100000002575080100,peripheral,0.4,44,"Низкая активность: 1 входящих, 1 исходящих связей.",0.0712209828443317
100000008503177100,peripheral,0.4,57,"Низкая активность: 1 входящих, 0 исходящих связей.",0.0563291687037268
100000004071444100,peripheral,0.4,32,"Низкая активность: 1 входящих, 1 исходящих связей.",0.058990020974288
100000004368189100,peripheral,0.4,33,"Низкая активность: 1 входящих, 2 исходящих связей.",0.060320871390664305
100000002603371100,peripheral,0.4,32,"Низкая активность: 1 входящих, 0 исходящих связей.",0.05617404399798246
100000007138613100,peripheral,0.4,32,"Низкая активность: 3 входящих, 2 исходящих связей.",0.06662836509871388
100000000673868100,distributor,0.9,64,Признаки распределения: 5 получателей против 1 входящих (выход в 5.0× больше входа). Входит в короткий возвратный цикл переводов (≤4 шага).,0.38930817092875125
100000008625905100,peripheral,0.4,44,"Низкая активность: 1 входящих, 2 исходящих связей.",0.07281104014542451
100000001379511100,peripheral,0.4,35,"Низкая активность: 1 входящих, 0 исходящих связей.",0.057070388837150675
100000008029279100,peripheral,0.4,57,"Низкая активность: 1 входящих, 0 исходящих связей.",0.05615660431350399
100000002373386100,peripheral,0.4,43,"Низкая активность: 1 входящих, 0 исходящих связей.",0.05617096771447962
100000002945626100,peripheral,0.4,35,"Низкая активность: 3 входящих, 0 исходящих связей.",0.061984985912087946
100000004292885100,peripheral,0.4,43,"Низкая активность: 1 входящих, 0 исходящих связей.",0.056863665265996864
100000002628576100,peripheral,0.4,18,"Низкая активность: 2 входящих, 2 исходящих связей.",0.06278826129596264
100000008472324100,peripheral,0.4,18,"Низкая активность: 1 входящих, 0 исходящих связей.",0.05631629585325365
100000005709551100,peripheral,0.4,26,"Низкая активность: 1 входящих, 0 исходящих связей.",0.056438442060168265
100000000878006100,peripheral,0.4,18,"Низкая активность: 1 входящих, 0 исходящих связей.",0.056059761717535225
100000008663723100,peripheral,0.4,43,"Низкая активность: 1 входящих, 0 исходящих связей.",0.056105368397312255
100000008200810100,peripheral,0.4,33,"Низкая активность: 1 входящих, 0 исходящих связей.",0.057115602534866215
100000008686494100,peripheral,0.4,43,"Низкая активность: 1 входящих, 0 исходящих связей.",0.05610614934156425
100000002737980100,peripheral,0.4,21,"Низкая активность: 1 входящих, 0 исходящих связей.",0.056476621112159744
100000007689942100,peripheral,0.4,37,"Низкая активность: 1 входящих, 2 исходящих связей. Входит в короткий возвратный цикл переводов (≤4 шага).",0.08996668690744455
100000004726132100,peripheral,0.4,32,"Низкая активность: 1 входящих, 1 исходящих связей.",0.05944106928212115
100000002945031100,peripheral,0.4,26,"Низкая активность: 1 входящих, 0 исходящих связей.",0.05626137148864731
100000008714412100,peripheral,0.4,11,"Низкая активность: 1 входящих, 0 исходящих связей.",0.05728943596268578
100000004097972100,peripheral,0.4,32,"Низкая активность: 1 входящих, 2 исходящих связей.",0.061353081997163425
100000003899325100,peripheral,0.4,57,"Низкая активность: 1 входящих, 0 исходящих связей.",0.05653748060611484
100000002593344100,peripheral,0.4,35,"Низкая активность: 2 входящих, 0 исходящих связей.",0.06135068257017268
100000008297199100,peripheral,0.4,32,"Низкая активность: 1 входящих, 0 исходящих связей.",0.056535259311926586
100000006165886100,peripheral,0.4,32,"Низкая активность: 2 входящих, 1 исходящих связей.",0.0600311572518965
100000001280798100,peripheral,0.4,11,"Низкая активность: 1 входящих, 0 исходящих связей.",0.05642694985554985
100000003581109100,peripheral,0.4,32,"Низкая активность: 1 входящих, 0 исходящих связей.",0.05610401069361609
100000000291908100,peripheral,0.4,46,"Низкая активность: 1 входящих, 1 исходящих связей.",0.07896323159079671
100000005409156100,peripheral,0.4,18,"Низкая активность: 2 входящих, 0 исходящих связей.",0.06460146508128309
100000004017410100,distributor,0.9,39,Признаки распределения: 5 получателей против 2 входящих (выход в 2.5× больше входа). Входит в короткий возвратный цикл переводов (≤4 шага).,0.38893368119279614
100000002550141100,peripheral,0.4,57,"Низкая активность: 1 входящих, 0 исходящих связей.",0.05709524420185136
100000002513028100,peripheral,0.4,55,"Низкая активность: 1 входящих, 3 исходящих связей.",0.06274554245668075
100000002373144100,peripheral,0.4,32,"Низкая активность: 1 входящих, 1 исходящих связей.",0.05809865367301759
100000008417359100,peripheral,0.4,54,"Низкая активность: 1 входящих, 2 исходящих связей. Входит в короткий возвратный цикл переводов (≤4 шага).",0.05969477291735138
100000008688155100,peripheral,0.4,43,"Низкая активность: 1 входящих, 0 исходящих связей.",0.05616784393747165
100000008258458100,peripheral,0.4,71,"Низкая активность: 1 входящих, 2 исходящих связей.",0.06008614175618781
100000000661131100,peripheral,0.4,43,"Низкая активность: 1 входящих, 0 исходящих связей.",0.056105368397312255
100000003986141100,peripheral,0.4,54,"Низкая активность: 1 входящих, 0 исходящих связей.",0.056047428097540215
100000001639766100,peripheral,0.4,34,"Низкая активность: 1 входящих, 0 исходящих связей.",0.07425121004097929
100000002308091100,peripheral,0.4,33,"Низкая активность: 1 входящих, 0 исходящих связей.",0.06977022420516883
100000005357034100,peripheral,0.4,32,"Низкая активность: 1 входящих, 0 исходящих связей.",0.05601102788872989
100000008740793100,peripheral,0.4,43,"Низкая активность: 1 входящих, 0 исходящих связей.",0.05614753938691985
100000001439416100,peripheral,0.4,38,"Низкая активность: 1 входящих, 2 исходящих связей. Входит в короткий возвратный цикл переводов (≤4 шага).",0.06236248455853856
100000000791285100,peripheral,0.4,27,"Низкая активность: 1 входящих, 3 исходящих связей. Входит в короткий возвратный цикл переводов (≤4 шага).",0.07555395613584046
100000005532138100,peripheral,0.4,10,"Низкая активность: 1 входящих, 0 исходящих связей.",0.05639505279695538
100000003006633100,peripheral,0.4,51,"Низкая активность: 1 входящих, 0 исходящих связей.",0.05636517460917809
100000004445291100,peripheral,0.4,47,"Низкая активность: 1 входящих, 0 исходящих связей.",0.057668245609806254
100000004488265100,peripheral,0.4,57,"Низкая активность: 1 входящих, 0 исходящих связей.",0.0563779216306796
100000007864477100,distributor,0.9,32,Признаки распределения: 6 получателей против 2 входящих (выход в 3.0× больше входа).,0.34964865653414123
100000002232266100,peripheral,0.4,57,"Низкая активность: 1 входящих, 0 исходящих связей.",0.056441649616214076
100000008672493100,peripheral,0.4,43,"Низкая активность: 1 входящих, 0 исходящих связей.",0.05609287328928038
100000002948492100,peripheral,0.4,19,"Низкая активность: 1 входящих, 0 исходящих связей.",0.05631815594148911
100000002753146100,peripheral,0.4,33,"Низкая активность: 1 входящих, 0 исходящих связей.",0.05789860772598561
100000003190207100,peripheral,0.4,13,"Низкая активность: 1 входящих, 1 исходящих связей.",0.05859063075341717
100000002677201100,peripheral,0.4,35,"Низкая активность: 1 входящих, 1 исходящих связей.",0.059084389534550065
100000008097580100,peripheral,0.4,57,"Низкая активность: 2 входящих, 0 исходящих связей.",0.07715343696437321
100000006710485100,peripheral,0.4,43,"Низкая активность: 1 входящих, 0 исходящих связей.",0.05613972994439992
100000003582677100,peripheral,0.4,65,"Низкая активность: 2 входящих, 4 исходящих связей.",0.0668363049337338
100000001248999100,peripheral,0.4,54,"Низкая активность: 1 входящих, 0 исходящих связей.",0.056168025921273075
100000004689658100,peripheral,0.4,57,"Низкая активность: 1 входящих, 1 исходящих связей.",0.06293340067479743
100000008468762100,peripheral,0.4,52,"Низкая активность: 2 входящих, 0 исходящих связей.",0.05892112903633242
100000002713074100,peripheral,0.4,54,"Низкая активность: 2 входящих, 1 исходящих связей.",0.0669946716497541
100000001611488100,peripheral,0.4,18,"Низкая активность: 2 входящих, 0 исходящих связей.",0.08729789757435152
100000002901457100,peripheral,0.4,32,"Низкая активность: 1 входящих, 3 исходящих связей.",0.06634904659202288
100000002681544100,peripheral,0.4,10,"Низкая активность: 2 входящих, 0 исходящих связей.",0.060187638177890065
100000008568512100,peripheral,0.4,18,"Низкая активность: 1 входящих, 0 исходящих связей.",0.05630727969116085
100000002983426100,peripheral,0.4,11,"Низкая активность: 1 входящих, 0 исходящих связей.",0.057641686660363546
100000005754335100,peripheral,0.4,67,"Низкая активность: 1 входящих, 0 исходящих связей.",0.061940516512112645
100000001893287100,peripheral,0.4,34,"Низкая активность: 1 входящих, 1 исходящих связей. Входит в короткий возвратный цикл переводов (≤4 шага).",0.07433441273074662
100000007793871100,peripheral,0.4,0,"Низкая активность: 1 входящих, 0 исходящих связей.",0.07608070753884802
100000002194329100,peripheral,0.4,32,"Низкая активность: 1 входящих, 0 исходящих связей.",0.05605447021265175
100000005530114100,peripheral,0.4,54,"Низкая активность: 2 входящих, 1 исходящих связей.",0.06989568509076337
100000005241556100,peripheral,0.4,57,"Низкая активность: 1 входящих, 0 исходящих связей.",0.06916804673350475
100000008547295100,peripheral,0.4,34,"Низкая активность: 1 входящих, 0 исходящих связей.",0.06986350474609135
100000004722765100,peripheral,0.4,56,"Низкая активность: 1 входящих, 3 исходящих связей.",0.07652840623622896
100000002904919100,peripheral,0.4,32,"Низкая активность: 1 входящих, 1 исходящих связей.",0.05816014089782471
100000008721637100,peripheral,0.4,34,"Низкая активность: 1 входящих, 2 исходящих связей.",0.06043442829179183
100000004697956100,peripheral,0.4,34,"Низкая активность: 1 входящих, 1 исходящих связей. Входит в короткий возвратный цикл переводов (≤4 шага).",0.06681229082172765
100000001415126100,peripheral,0.4,13,"Низкая активность: 1 входящих, 0 исходящих связей.",0.062190435588930615
100000001726614100,peripheral,0.4,32,"Низкая активность: 1 входящих, 0 исходящих связей.",0.05659906562049126
100000003880331100,distributor,0.9,57,Признаки распределения: 16 получателей против 1 входящих (выход в 16.0× больше входа). Входит в короткий возвратный цикл переводов (≤4 шага).,0.37155227976156757
100000008716072100,peripheral,0.4,43,"Низкая активность: 1 входящих, 0 исходящих связей.",0.056078035348492525
100000004420041100,distributor,0.9,2,Признаки распределения: 7 получателей против 1 входящих (выход в 7.0× больше входа).,0.35027434547206476
100000003215448100,peripheral,0.4,57,"Низкая активность: 1 входящих, 2 исходящих связей.",0.060730927211219705
100000006664478100,peripheral,0.4,34,"Низкая активность: 1 входящих, 2 исходящих связей.",0.07596206328373321
100000003920950100,peripheral,0.4,10,"Низкая активность: 1 входящих, 0 исходящих связей.",0.06129527224659968
100000003132484100,peripheral,0.4,11,"Низкая активность: 1 входящих, 0 исходящих связей.",0.0686552539260274
100000001063678100,peripheral,0.4,42,"Низкая активность: 1 входящих, 2 исходящих связей.",0.06192509434300084
100000003321895100,peripheral,0.4,28,"Низкая активность: 1 входящих, 2 исходящих связей.",0.06110005439753169
100000001155773100,peripheral,0.4,43,"Низкая активность: 1 входящих, 0 исходящих связей.",0.05615144410817981
100000008223756100,peripheral,0.4,57,"Низкая активность: 2 входящих, 0 исходящих связей.",0.061216563764328644
100000003934614100,peripheral,0.4,39,"Низкая активность: 2 входящих, 1 исходящих связей. Входит в короткий возвратный цикл переводов (≤4 шага).",0.06077117027637911
100000004114962100,peripheral,0.4,18,"Низкая активность: 2 входящих, 0 исходящих связей.",0.07897968297746435
100000004713684100,peripheral,0.4,32,"Низкая активность: 1 входящих, 0 исходящих связей.",0.05608921618138271
100000005667841100,peripheral,0.4,35,"Низкая активность: 2 входящих, 0 исходящих связей.",0.05901221830694203
100000008598972100,peripheral,0.4,57,"Низкая активность: 1 входящих, 0 исходящих связей.",0.0564111812437655
100000007487729100,peripheral,0.4,32,"Низкая активность: 1 входящих, 0 исходящих связей.",0.05641112620185671
100000008223661100,distributor,0.9,6,Признаки распределения: 5 получателей против 2 входящих (выход в 2.5× больше входа).,0.3512324616713293
100000000896111100,peripheral,0.4,29,"Низкая активность: 1 входящих, 0 исходящих связей.",0.061067286250270345
100000002951898100,peripheral,0.4,19,"Низкая активность: 1 входящих, 0 исходящих связей.",0.056549105242396695
100000001637376100,peripheral,0.4,18,"Низкая активность: 1 входящих, 1 исходящих связей.",0.05808170480368264
100000008755580100,peripheral,0.4,43,"Низкая активность: 1 входящих, 0 исходящих связей.",0.05610849217432023
100000004140487100,distributor,0.9,65,Признаки распределения: 10 получателей против 1 входящих (выход в 10.0× больше входа). Входит в короткий возвратный цикл переводов (≤4 шага).,0.3567485357845679
100000002990675100,peripheral,0.4,18,"Низкая активность: 1 входящих, 0 исходящих связей.",0.056066475190748206
100000004671609100,peripheral,0.4,33,"Низкая активность: 1 входящих, 0 исходящих связей.",0.05671770404737844
100000003497735100,peripheral,0.4,37,"Низкая активность: 1 входящих, 0 исходящих связей.",0.057053147547602746
100000008686214100,peripheral,0.4,57,"Низкая активность: 1 входящих, 0 исходящих связей.",0.05659190550869915
100000004185681100,peripheral,0.4,65,"Низкая активность: 1 входящих, 0 исходящих связей.",0.06847877243218402
100000003122817100,peripheral,0.4,27,"Низкая активность: 1 входящих, 0 исходящих связей.",0.0615631808956079
100000005375968100,peripheral,0.4,32,"Низкая активность: 1 входящих, 2 исходящих связей.",0.060280675771212225
100000001875239100,peripheral,0.4,35,"Низкая активность: 3 входящих, 0 исходящих связей.",0.06179556092184694
100000008706947100,peripheral,0.4,43,"Низкая активность: 1 входящих, 0 исходящих связей.",0.05611786350534413
100000005264874100,peripheral,0.4,58,"Низкая активность: 1 входящих, 2 исходящих связей. Входит в короткий возвратный цикл переводов (≤4 шага).",0.06652344389972711
100000008405209100,peripheral,0.4,54,"Низкая активность: 1 входящих, 0 исходящих связей.",0.056411971173129585
100000008695133100,peripheral,0.4,43,"Низкая активность: 1 входящих, 0 исходящих связей.",0.056269444784655856
100000000782285100,peripheral,0.4,38,"Низкая активность: 1 входящих, 0 исходящих связей.",0.057686437973499254
100000003221510100,peripheral,0.4,36,"Низкая активность: 1 входящих, 2 исходящих связей.",0.059869016354816756
100000002236528100,peripheral,0.4,10,"Низкая активность: 1 входящих, 0 исходящих связей.",0.05706793670188132
100000001252290100,peripheral,0.4,18,"Низкая активность: 1 входящих, 1 исходящих связей.",0.058121118080600886
100000008712184100,peripheral,0.4,43,"Низкая активность: 1 входящих, 0 исходящих связей.",0.05612411105936008
100000001680944100,peripheral,0.4,52,"Низкая активность: 1 входящих, 0 исходящих связей.",0.058986706256217776
100000003457710100,peripheral,0.4,18,"Низкая активность: 1 входящих, 1 исходящих связей.",0.05842200816626974
100000004746397100,peripheral,0.4,18,"Низкая активность: 1 входящих, 1 исходящих связей.",0.06546966602288934
100000002815005100,peripheral,0.4,35,"Низкая активность: 1 входящих, 0 исходящих связей.",0.057656902693595025
100000008583360100,peripheral,0.4,11,"Низкая активность: 1 входящих, 1 исходящих связей.",0.05999612361212531
100000008754608100,peripheral,0.4,43,"Низкая активность: 1 входящих, 0 исходящих связей.",0.05607959723699651
100000001227106100,peripheral,0.4,18,"Низкая активность: 1 входящих, 0 исходящих связей.",0.05625072597659496
100000004975919100,peripheral,0.4,57,"Низкая активность: 1 входящих, 2 исходящих связей.",0.060028921711781064
100000001160401100,peripheral,0.4,32,"Низкая активность: 1 входящих, 0 исходящих связей.",0.05695018970033093
100000002821425100,peripheral,0.4,33,"Низкая активность: 1 входящих, 0 исходящих связей.",0.05663894508608105
100000002116705100,peripheral,0.4,43,"Низкая активность: 1 входящих, 0 исходящих связей.",0.056120987282352104
100000002799941100,peripheral,0.4,37,"Низкая активность: 1 входящих, 0 исходящих связей.",0.06111765207128768
100000002893020100,peripheral,0.4,11,"Низкая активность: 1 входящих, 0 исходящих связей.",0.05632544215293765
100000000481716100,peripheral,0.4,11,"Низкая активность: 1 входящих, 0 исходящих связей.",0.06056603145765456
100000001141268100,peripheral,0.4,52,"Низкая активность: 2 входящих, 1 исходящих связей.",0.06359016305540811
100000003192309100,peripheral,0.4,43,"Низкая активность: 1 входящих, 1 исходящих связей.",0.05782822251666862
100000005756189100,peripheral,0.4,18,"Низкая активность: 1 входящих, 1 исходящих связей.",0.05799786746911471
100000001650895100,peripheral,0.4,11,"Низкая активность: 1 входящих, 1 исходящих связей.",0.05910947365643834
100000004613582100,peripheral,0.4,10,"Низкая активность: 1 входящих, 1 исходящих связей.",0.07108610894872046
100000008708743100,peripheral,0.4,43,"Низкая активность: 1 входящих, 0 исходящих связей.",0.05610497792518626
100000001733687100,peripheral,0.4,35,"Низкая активность: 1 входящих, 0 исходящих связей.",0.05703707410528806
100000002878467100,peripheral,0.4,35,"Низкая активность: 2 входящих, 0 исходящих связей.",0.059121199727458856
100000005265073100,peripheral,0.4,13,"Низкая активность: 1 входящих, 1 исходящих связей.",0.05859063075341717
100000004644615100,peripheral,0.4,0,"Низкая активность: 1 входящих, 2 исходящих связей.",0.06382968202879759
100000008634520100,peripheral,0.4,35,"Низкая активность: 1 входящих, 0 исходящих связей.",0.05662968167555518
100000000656682100,peripheral,0.4,32,"Низкая активность: 1 входящих, 2 исходящих связей.",0.06000146246433461
100000000552584100,peripheral,0.4,29,"Низкая активность: 1 входящих, 1 исходящих связей. Входит в короткий возвратный цикл переводов (≤4 шага).",0.10970879237153465
100000002891765100,peripheral,0.4,19,"Низкая активность: 1 входящих, 0 исходящих связей.",0.05676953241961321
100000003484058100,peripheral,0.4,19,"Низкая активность: 1 входящих, 1 исходящих связей.",0.0594481530271167
100000003171587100,peripheral,0.4,18,"Низкая активность: 2 входящих, 2 исходящих связей.",0.06302425158169203
100000008767065100,peripheral,0.4,52,"Низкая активность: 1 входящих, 0 исходящих связей.",0.05605995751034283
100000002773323100,peripheral,0.4,35,"Низкая активность: 2 входящих, 1 исходящих связей.",0.061609492166973055
100000007333038100,peripheral,0.4,33,"Низкая активность: 1 входящих, 2 исходящих связей.",0.0600975183414612
100000005362848100,peripheral,0.4,11,"Низкая активность: 1 входящих, 0 исходящих связей.",0.056524169813148124
100000005395727100,peripheral,0.4,44,"Низкая активность: 1 входящих, 0 исходящих связей.",0.06026846003286593
100000005674387100,peripheral,0.4,43,"Низкая активность: 1 входящих, 0 исходящих связей.",0.05618814848802345
100000008460102100,distributor,0.9,22,Признаки распределения: 31 получателей против 1 входящих (выход в 31.0× больше входа).,0.4001187886187116
100000002369443100,peripheral,0.4,43,"Низкая активность: 1 входящих, 0 исходящих связей.",0.05637401321999763
100000002807334100,peripheral,0.4,18,"Низкая активность: 1 входящих, 0 исходящих связей.",0.05607226758840926
100000008655779100,peripheral,0.4,48,"Низкая активность: 1 входящих, 2 исходящих связей.",0.06561075683479325
100000008121806100,peripheral,0.4,57,"Низкая активность: 1 входящих, 4 исходящих связей. Входит в короткий возвратный цикл переводов (≤4 шага).",0.07219817580009666
100000004500444100,peripheral,0.4,19,"Низкая активность: 2 входящих, 1 исходящих связей.",0.06853722025537716
100000007647294100,peripheral,0.4,51,"Низкая активность: 1 входящих, 0 исходящих связей.",0.07067643142830234
100000004906181100,distributor,0.9,59,Признаки распределения: 7 получателей против 1 входящих (выход в 7.0× больше входа).,0.3495081534998405
100000002581346100,peripheral,0.4,18,"Низкая активность: 1 входящих, 0 исходящих связей.",0.05625337731203053
100000001073568100,peripheral,0.4,19,"Низкая активность: 1 входящих, 2 исходящих связей.",0.06959280031238596
100000006704530100,peripheral,0.4,27,"Низкая активность: 1 входящих, 3 исходящих связей.",0.06737620988808173
100000008571243100,peripheral,0.4,11,"Низкая активность: 1 входящих, 0 исходящих связей.",0.057018984362662395
100000001818442100,peripheral,0.4,11,"Низкая активность: 1 входящих, 0 исходящих связей.",0.05677052872775237
100000008745863100,peripheral,0.4,43,"Низкая активность: 1 входящих, 0 исходящих связей.",0.0561623773277077
100000001429930100,peripheral,0.4,26,"Низкая активность: 1 входящих, 0 исходящих связей.",0.05924729192130752
100000000942301100,peripheral,0.4,32,"Низкая активность: 1 входящих, 0 исходящих связей.",0.056735124679411914
100000003636627100,peripheral,0.4,34,"Низкая активность: 1 входящих, 1 исходящих связей. Входит в короткий возвратный цикл переводов (≤4 шага).",0.14227577218712623
100000008576243100,peripheral,0.4,32,"Низкая активность: 2 входящих, 0 исходящих связей.",0.1260272862635919
100000004877085100,peripheral,0.4,26,"Низкая активность: 1 входящих, 3 исходящих связей.",0.0621733565590815
100000004892144100,peripheral,0.4,29,"Низкая активность: 2 входящих, 1 исходящих связей. Входит в короткий возвратный цикл переводов (≤4 шага).",0.1843439620990819
100000002838519100,peripheral,0.4,19,"Низкая активность: 1 входящих, 0 исходящих связей.",0.056646830880441486
100000003917461100,peripheral,0.4,2,"Низкая активность: 1 входящих, 2 исходящих связей. Входит в короткий возвратный цикл переводов (≤4 шага).",0.06528056876566143
100000001052789100,peripheral,0.4,37,"Низкая активность: 1 входящих, 0 исходящих связей.",0.05659086363835626
100000002556775100,peripheral,0.4,18,"Низкая активность: 1 входящих, 0 исходящих связей.",0.05647002466015964
100000001954534100,peripheral,0.4,32,"Низкая активность: 1 входящих, 1 исходящих связей.",0.0619188461093283
100000003087877100,peripheral,0.4,57,"Низкая активность: 1 входящих, 0 исходящих связей.",0.05630956681684573
100000000594783100,peripheral,0.4,29,"Низкая активность: 1 входящих, 2 исходящих связей. Входит в короткий возвратный цикл переводов (≤4 шага).",0.11421334577102991
100000000583220100,peripheral,0.4,60,"Низкая активность: 1 входящих, 1 исходящих связей.",0.05852451958833856
100000002989353100,peripheral,0.4,33,"Низкая активность: 1 входящих, 2 исходящих связей.",0.060595902738613344
100000008729597100,peripheral,0.4,57,"Низкая активность: 1 входящих, 0 исходящих связей.",0.05682941302979361
100000000954884100,peripheral,0.4,51,"Низкая активность: 1 входящих, 0 исходящих связей.",0.05728109504560204
100000008306857100,peripheral,0.4,33,"Низкая активность: 1 входящих, 0 исходящих связей.",0.05628145199949217
100000001632325100,peripheral,0.4,43,"Низкая активность: 1 входящих, 0 исходящих связей.",0.056652029373706926
100000008713685100,peripheral,0.4,43,"Низкая активность: 1 входящих, 0 исходящих связей.",0.05637167038724166
100000000287768100,peripheral,0.4,32,"Низкая активность: 1 входящих, 0 исходящих связей.",0.05613959094043407
100000004096559100,peripheral,0.4,10,"Низкая активность: 1 входящих, 0 исходящих связей.",0.09055905014363241
100000004321983100,peripheral,0.4,34,"Низкая активность: 1 входящих, 2 исходящих связей. Входит в короткий возвратный цикл переводов (≤4 шага).",0.06130078007045273
100000003671721100,peripheral,0.4,11,"Низкая активность: 1 входящих, 0 исходящих связей.",0.0696519041982412
100000003147719100,peripheral,0.4,35,"Низкая активность: 1 входящих, 0 исходящих связей.",0.05624132292208607
100000002886166100,peripheral,0.4,25,"Низкая активность: 1 входящих, 0 исходящих связей.",0.05793602236781136
100000002343825100,peripheral,0.4,35,"Низкая активность: 3 входящих, 2 исходящих связей.",0.06564285922738937
100000008684951100,peripheral,0.4,43,"Низкая активность: 1 входящих, 0 исходящих связей.",0.05611786350534413
100000008755754100,peripheral,0.4,33,"Низкая активность: 1 входящих, 0 исходящих связей.",0.056500394038400396
100000003031633100,peripheral,0.4,35,"Низкая активность: 1 входящих, 0 исходящих связей.",0.05743741664957698
100000008682426100,peripheral,0.4,19,"Низкая активность: 1 входящих, 0 исходящих связей.",0.05626639388139592
100000001169666100,peripheral,0.4,11,"Низкая активность: 1 входящих, 1 исходящих связей.",0.059623331696482755
100000002015633100,peripheral,0.4,18,"Низкая активность: 1 входящих, 0 исходящих связей.",0.05613754557492826
100000003035737100,peripheral,0.4,18,"Низкая активность: 2 входящих, 1 исходящих связей.",0.06425279490004518
100000008193258100,peripheral,0.4,54,"Низкая активность: 1 входящих, 1 исходящих связей.",0.05848312916583332
100000004715209100,distributor,0.9,35,Признаки распределения: 5 получателей против 1 входящих (выход в 5.0× больше входа). Входит в короткий возвратный цикл переводов (≤4 шага).,0.3454217721023575
100000008671081100,peripheral,0.4,43,"Низкая активность: 1 входящих, 0 исходящих связей.",0.056274052355742614
100000002908521100,peripheral,0.4,43,"Низкая активность: 1 входящих, 0 исходящих связей.",0.05633106128613806
100000002748761100,peripheral,0.4,33,"Низкая активность: 1 входящих, 0 исходящих связей.",0.057882544369961555
100000005127767100,peripheral,0.4,63,"Низкая активность: 1 входящих, 0 исходящих связей.",0.06283653309333127
100000002906470100,peripheral,0.4,37,"Низкая активность: 1 входящих, 0 исходящих связей.",0.0570959318057468
100000008555233100,peripheral,0.4,52,"Низкая активность: 1 входящих, 0 исходящих связей.",0.05987828209433567
100000003271151100,peripheral,0.4,57,"Низкая активность: 1 входящих, 0 исходящих связей.",0.057279418121257766
100000003843844100,peripheral,0.4,26,"Низкая активность: 1 входящих, 1 исходящих связей.",0.05820141009529329
100000002614095100,peripheral,0.4,43,"Низкая активность: 1 входящих, 0 исходящих связей.",0.05602493113935704
100000003050771100,peripheral,0.4,26,"Низкая активность: 1 входящих, 0 исходящих связей.",0.06022508511892825
100000000838385100,peripheral,0.4,48,"Низкая активность: 1 входящих, 2 исходящих связей. Входит в короткий возвратный цикл переводов (≤4 шага).",0.14145352012407283
100000004750321100,peripheral,0.4,11,"Низкая активность: 2 входящих, 0 исходящих связей.",0.059027756189542036
100000002736033100,peripheral,0.4,54,"Низкая активность: 1 входящих, 1 исходящих связей.",0.05837334853009505
100000004066647100,peripheral,0.4,37,"Низкая активность: 1 входящих, 0 исходящих связей.",0.05641994052707078
100000008676812100,peripheral,0.4,37,"Низкая активность: 1 входящих, 0 исходящих связей.",0.06536845821709042
100000001677389100,peripheral,0.4,54,"Низкая активность: 1 входящих, 1 исходящих связей.",0.0580456554033723
100000001740277100,peripheral,0.4,10,"Низкая активность: 1 входящих, 1 исходящих связей. Входит в короткий возвратный цикл переводов (≤4 шага).",0.061887655708668006
100000004257714100,peripheral,0.4,43,"Низкая активность: 1 входящих, 0 исходящих связей.",0.05639135018239187
100000004417753100,peripheral,0.4,65,"Низкая активность: 2 входящих, 0 исходящих связей.",0.06306115824267353
100000003073635100,peripheral,0.4,57,"Низкая активность: 1 входящих, 0 исходящих связей.",0.05729913714809168
100000001534244100,peripheral,0.4,35,"Низкая активность: 2 входящих, 1 исходящих связей.",0.06241273303302055
100000001784279100,peripheral,0.4,32,"Низкая активность: 1 входящих, 0 исходящих связей.",0.05614183619811988
100000008279405100,peripheral,0.4,57,"Низкая активность: 1 входящих, 0 исходящих связей.",0.05837321838927141
100000001875167100,peripheral,0.4,18,"Низкая активность: 1 входящих, 0 исходящих связей.",0.05760515298119544
100000002613929100,peripheral,0.4,11,"Низкая активность: 1 входящих, 0 исходящих связей.",0.08076940735700924
100000003072676100,peripheral,0.4,54,"Низкая активность: 1 входящих, 0 исходящих связей.",0.056364773317292984
100000002670960100,peripheral,0.4,33,"Низкая активность: 1 входящих, 0 исходящих связей.",0.05712825779013146
100000004491749100,peripheral,0.4,34,"Низкая активность: 1 входящих, 0 исходящих связей.",0.05924714020262913
100000001130176100,peripheral,0.4,32,"Низкая активность: 1 входящих, 0 исходящих связей.",0.069617051656709
100000006126743100,peripheral,0.4,18,"Низкая активность: 1 входящих, 0 исходящих связей.",0.05607272974779712
100000008690762100,peripheral,0.4,43,"Низкая активность: 1 входящих, 0 исходящих связей.",0.05619244368140941
100000002708624100,peripheral,0.4,47,"Низкая активность: 1 входящих, 0 исходящих связей.",0.05814341867836659
100000002958139100,peripheral,0.4,35,"Низкая активность: 1 входящих, 0 исходящих связей.",0.05671925831354993
100000008732488100,peripheral,0.4,57,"Низкая активность: 1 входящих, 1 исходящих связей.",0.059287148641849995
100000001329153100,peripheral,0.4,32,"Низкая активность: 1 входящих, 0 исходящих связей.",0.05640817741112733
100000004386331100,peripheral,0.4,2,"Низкая активность: 1 входящих, 2 исходящих связей. Входит в короткий возвратный цикл переводов (≤4 шага).",0.0709627283255762
100000005233755100,peripheral,0.4,54,"Низкая активность: 1 входящих, 1 исходящих связей.",0.058194596333546116
100000003009900100,peripheral,0.4,11,"Низкая активность: 1 входящих, 0 исходящих связей.",0.05628178172327415
100000006894637100,peripheral,0.4,32,"Низкая активность: 1 входящих, 0 исходящих связей.",0.056217966407834524
100000002216999100,peripheral,0.4,43,"Низкая активность: 1 входящих, 0 исходящих связей.",0.05616844526454568
100000004657034100,peripheral,0.4,18,"Низкая активность: 1 входящих, 0 исходящих связей.",0.0562125937730676
100000002958345100,peripheral,0.4,33,"Низкая активность: 1 входящих, 0 исходящих связей.",0.056715210277886674
100000003896956100,peripheral,0.4,21,"Низкая активность: 1 входящих, 1 исходящих связей.",0.05804233504239187
100000008695566100,peripheral,0.4,43,"Низкая активность: 1 входящих, 0 исходящих связей.",0.05624671930692288
100000001279272100,peripheral,0.4,32,"Низкая активность: 1 входящих, 2 исходящих связей. Входит в короткий возвратный цикл переводов (≤4 шага).",0.06381405761797908
100000003486970100,peripheral,0.4,18,"Низкая активность: 1 входящих, 0 исходящих связей.",0.05622678287708054
100000008295429100,peripheral,0.4,18,"Низкая активность: 1 входящих, 0 исходящих связей.",0.05655434847829373
100000002913340100,peripheral,0.4,43,"Низкая активность: 1 входящих, 0 исходящих связей.",0.05616784393747165
100000002842321100,peripheral,0.4,18,"Низкая активность: 1 входящих, 0 исходящих связей.",0.05624299899595249
100000003254277100,peripheral,0.4,32,"Низкая активность: 1 входящих, 1 исходящих связей.",0.05803110841109132
100000005628518100,peripheral,0.4,37,"Низкая активность: 1 входящих, 0 исходящих связей.",0.06836352956100242
100000008772246100,peripheral,0.4,43,"Низкая активность: 1 входящих, 0 исходящих связей.",0.05633106128613806
100000002970466100,peripheral,0.4,32,"Низкая активность: 1 входящих, 2 исходящих связей.",0.059867091659225255
100000006965162100,peripheral,0.4,48,"Низкая активность: 1 входящих, 0 исходящих связей.",0.057170374819533146
100000007022818100,peripheral,0.4,43,"Низкая активность: 1 входящих, 0 исходящих связей.",0.05611786350534413
100000008738658100,peripheral,0.4,43,"Низкая активность: 1 входящих, 0 исходящих связей.",0.05621719961419756
100000008490127100,distributor,0.9,18,Признаки распределения: 6 получателей против 1 входящих (выход в 6.0× больше входа).,0.3481372097490308
100000004399686100,peripheral,0.4,29,"Низкая активность: 1 входящих, 0 исходящих связей.",0.07025556685489567
100000000783406100,peripheral,0.4,51,"Низкая активность: 1 входящих, 0 исходящих связей.",0.0562150399843076
100000008632060100,distributor,0.9,32,Признаки распределения: 9 получателей против 1 входящих (выход в 9.0× больше входа). Входит в короткий возвратный цикл переводов (≤4 шага).,0.3573347879432572
100000003069463100,peripheral,0.4,27,"Низкая активность: 1 входящих, 1 исходящих связей.",0.058041171901086194
100000002567887100,peripheral,0.4,18,"Низкая активность: 1 входящих, 0 исходящих связей.",0.056066105463237925
100000001884825100,peripheral,0.4,35,"Низкая активность: 3 входящих, 0 исходящих связей.",0.06210167041839185
100000003951827100,peripheral,0.4,32,"Низкая активность: 1 входящих, 2 исходящих связей.",0.05941350370872568
100000004184158100,peripheral,0.4,32,"Низкая активность: 1 входящих, 0 исходящих связей.",0.056887878530085395
100000005089460100,peripheral,0.4,43,"Низкая активность: 1 входящих, 0 исходящих связей.",0.05607959723699651
100000002394199100,peripheral,0.4,10,"Низкая активность: 1 входящих, 1 исходящих связей. Входит в короткий возвратный цикл переводов (≤4 шага).",0.19188805223149838
100000004717647100,distributor,0.9,61,Признаки распределения: 5 получателей против 1 входящих (выход в 5.0× больше входа). Входит в короткий возвратный цикл переводов (≤4 шага).,0.3822388029231843
100000001052945100,peripheral,0.4,62,"Низкая активность: 1 входящих, 3 исходящих связей.",0.06250964787851518
100000008459449100,peripheral,0.4,32,"Низкая активность: 1 входящих, 0 исходящих связей.",0.05668447958890492
100000002597623100,peripheral,0.4,32,"Низкая активность: 1 входящих, 0 исходящих связей.",0.056029807056258124
100000000933075100,peripheral,0.4,2,"Низкая активность: 1 входящих, 2 исходящих связей. Входит в короткий возвратный цикл переводов (≤4 шага).",0.0857866196920392
100000008042075100,peripheral,0.4,29,"Низкая активность: 1 входящих, 0 исходящих связей.",0.056303137387577286
100000001138283100,peripheral,0.4,57,"Низкая активность: 1 входящих, 2 исходящих связей. Входит в короткий возвратный цикл переводов (≤4 шага).",0.06041796209210758
100000004508696100,peripheral,0.4,63,"Низкая активность: 1 входящих, 3 исходящих связей. Входит в короткий возвратный цикл переводов (≤4 шага).",0.0683581165565097
100000003557488100,peripheral,0.4,31,"Низкая активность: 1 входящих, 2 исходящих связей. Входит в короткий возвратный цикл переводов (≤4 шага).",0.0743746337440003
100000008427027100,peripheral,0.4,65,"Низкая активность: 1 входящих, 0 исходящих связей.",0.0692777343050726
100000006919124100,peripheral,0.4,32,"Низкая активность: 1 входящих, 0 исходящих связей.",0.05605399115225562
100000005314565100,peripheral,0.4,32,"Низкая активность: 1 входящих, 0 исходящих связей.",0.06045933512839415
100000005187208100,peripheral,0.4,18,"Низкая активность: 1 входящих, 0 исходящих связей.",0.05730455501305153
100000001690439100,peripheral,0.4,32,"Низкая активность: 1 входящих, 0 исходящих связей.",0.0655652538850874
100000006989232100,peripheral,0.4,32,"Низкая активность: 1 входящих, 0 исходящих связей.",0.05608202182340675
100000004737764100,peripheral,0.4,65,"Низкая активность: 1 входящих, 0 исходящих связей.",0.07555011197639966
100000002103448100,peripheral,0.4,43,"Низкая активность: 1 входящих, 0 исходящих связей.",0.05619439604203939
100000004676985100,peripheral,0.4,32,"Низкая активность: 1 входящих, 1 исходящих связей.",0.05798337145161828
100000001887715100,peripheral,0.4,52,"Низкая активность: 3 входящих, 1 исходящих связей.",0.08360365433941155
100000006209210100,peripheral,0.4,10,"Низкая активность: 1 входящих, 0 исходящих связей.",0.05974788900486455
100000008576528100,peripheral,0.4,18,"Низкая активность: 1 входящих, 0 исходящих связей.",0.056028946226842874
100000003781406100,peripheral,0.4,2,"Низкая активность: 1 входящих, 0 исходящих связей.",0.0778646700055576
100000002448088100,peripheral,0.4,68,"Низкая активность: 3 входящих, 1 исходящих связей.",0.07246222036030245
100000001530709100,peripheral,0.4,32,"Низкая активность: 1 входящих, 0 исходящих связей.",0.05613560331773959
100000008760098100,peripheral,0.4,52,"Низкая активность: 1 входящих, 1 исходящих связей.",0.05781322892856522
100000003218308100,peripheral,0.4,32,"Низкая активность: 1 входящих, 0 исходящих связей.",0.056015004090017764
100000006522972100,peripheral,0.4,18,"Низкая активность: 1 входящих, 0 исходящих связей.",0.05687121393579252
100000008491390100,peripheral,0.4,32,"Низкая активность: 1 входящих, 0 исходящих связей.",0.05608498917788746
100000008754747100,peripheral,0.4,43,"Низкая активность: 1 входящих, 0 исходящих связей.",0.05633887072865798
100000003241965100,peripheral,0.4,11,"Низкая активность: 1 входящих, 0 исходящих связей.",0.05626317663838765
100000001380107100,peripheral,0.4,40,"Низкая активность: 1 входящих, 0 исходящих связей.",0.05625269196066268
100000003204491100,peripheral,0.4,32,"Низкая активность: 1 входящих, 1 исходящих связей.",0.05851368023797823
100000003610172100,peripheral,0.4,18,"Низкая активность: 1 входящих, 0 исходящих связей.",0.05609705392610503
100000008749405100,peripheral,0.4,43,"Низкая активность: 1 входящих, 0 исходящих связей.",0.05627366188361661
100000000955529100,peripheral,0.4,65,"Низкая активность: 1 входящих, 1 исходящих связей.",0.05821930659534569
100000008077552100,peripheral,0.4,57,"Низкая активность: 1 входящих, 0 исходящих связей.",0.05816210162185707
100000008088082100,peripheral,0.4,26,"Низкая активность: 1 входящих, 1 исходящих связей.",0.05861737776215708
100000008474391100,peripheral,0.4,42,"Низкая активность: 1 входящих, 0 исходящих связей.",0.06206693855552822
100000002534091100,peripheral,0.4,57,"Низкая активность: 1 входящих, 0 исходящих связей.",0.05652376869425301
100000005661829100,peripheral,0.4,37,"Низкая активность: 1 входящих, 2 исходящих связей.",0.05972155599316629
100000003996562100,peripheral,0.4,38,"Низкая активность: 1 входящих, 0 исходящих связей.",0.05811527674221038
100000001852140100,peripheral,0.4,12,"Низкая активность: 1 входящих, 0 исходящих связей.",0.08195958940589766
100000006476758100,peripheral,0.4,0,"Низкая активность: 1 входящих, 0 исходящих связей.",0.06755367611340014
100000002757791100,peripheral,0.4,34,"Низкая активность: 1 входящих, 0 исходящих связей.",0.05725791053454895
100000002818726100,peripheral,0.4,26,"Низкая активность: 1 входящих, 0 исходящих связей.",0.05618504221822493
100000000802149100,peripheral,0.4,32,"Низкая активность: 1 входящих, 0 исходящих связей.",0.05644558495231969
100000008489604100,peripheral,0.4,43,"Низкая активность: 1 входящих, 0 исходящих связей.",0.05606944496172061
100000007020162100,peripheral,0.4,19,"Низкая активность: 1 входящих, 0 исходящих связей.",0.057205394422348725
100000008764654100,peripheral,0.4,43,"Низкая активность: 1 входящих, 0 исходящих связей.",0.056187758015897454
100000005198906100,peripheral,0.4,18,"Низкая активность: 1 входящих, 1 исходящих связей.",0.05826214155837071
100000004984689100,peripheral,0.4,57,"Низкая активность: 1 входящих, 0 исходящих связей.",0.056523396536955574
100000008749900100,peripheral,0.4,43,"Низкая активность: 1 входящих, 0 исходящих связей.",0.05611747303321814
100000008488166100,peripheral,0.4,43,"Низкая активность: 1 входящих, 0 исходящих связей.",0.05602727397211302
100000008070101100,peripheral,0.4,35,"Низкая активность: 1 входящих, 0 исходящих связей.",0.05633471876443032
100000005893892100,peripheral,0.4,18,"Низкая активность: 1 входящих, 0 исходящих связей.",0.056150210363767245
100000004553349100,peripheral,0.4,18,"Низкая активность: 1 входящих, 0 исходящих связей.",0.05670702011534561
100000008502995100,peripheral,0.4,32,"Низкая активность: 1 входящих, 0 исходящих связей.",0.07807553400987276
100000008599354100,peripheral,0.4,32,"Низкая активность: 1 входящих, 1 исходящих связей.",0.060037349803434864
100000002380341100,peripheral,0.4,32,"Низкая активность: 1 входящих, 0 исходящих связей.",0.05716274177913401
100000005974542100,peripheral,0.4,42,"Низкая активность: 1 входящих, 0 исходящих связей.",0.06586446400037144
100000008695689100,peripheral,0.4,43,"Низкая активность: 1 входящих, 0 исходящих связей.",0.05618814848802345
100000008718811100,peripheral,0.4,43,"Низкая активность: 1 входящих, 0 исходящих связей.",0.05655597323071186
100000001286703100,terminal,0.5,69,"Конечный узел на границе обхода depth=4, вход от 1 — неотличим от истинного terminal",0.17606712773318342
100000004241142100,terminal,0.5,32,"Конечный узел на границе обхода depth=4, вход от 1 — неотличим от истинного terminal",0.18822042707516287
100000008759795100,terminal,0.5,22,"Конечный узел на границе обхода depth=4, вход от 1 — неотличим от истинного terminal",0.17643874197685588
100000007811950100,terminal,0.5,47,"Конечный узел на границе обхода depth=4, вход от 1 — неотличим от истинного terminal",0.1890257781660961
100000000404740100,terminal,0.5,47,"Конечный узел на границе обхода depth=4, вход от 1 — неотличим от истинного terminal",0.18961427329877084
100000008734279100,terminal,0.5,57,"Конечный узел на границе обхода depth=4, вход от 1 — неотличим от истинного terminal",0.17677228451393648
100000003025903100,terminal,0.5,18,"Конечный узел на границе обхода depth=4, вход от 1 — неотличим от истинного terminal",0.18803623821479507
100000002729875100,terminal,0.5,11,"Конечный узел на границе обхода depth=4, вход от 1 — неотличим от истинного terminal",0.17740700361687703
100000008619159100,terminal,0.5,71,"Конечный узел на границе обхода depth=4, вход от 1 — неотличим от истинного terminal",0.1795369728194893
100000006918814100,terminal,0.5,65,"Конечный узел на границе обхода depth=4, вход от 1 — неотличим от истинного terminal",0.1769221424090106
100000005621418100,terminal,0.5,27,"Конечный узел на границе обхода depth=4, вход от 1 — неотличим от истинного terminal",0.17709718765499163
100000000500040100,terminal,0.5,32,"Конечный узел на границе обхода depth=4, вход от 1 — неотличим от истинного terminal",0.17700832748049708
100000002512742100,terminal,0.5,22,"Конечный узел на границе обхода depth=4, вход от 1 — неотличим от истинного terminal",0.17614420022912655
100000005360814100,terminal,0.5,57,"Конечный узел на границе обхода depth=4, вход от 1 — неотличим от истинного terminal",0.1833947833983774
100000004232712100,terminal,0.5,18,"Конечный узел на границе обхода depth=4, вход от 1 — неотличим от истинного terminal",0.1881775583508586
100000008168850100,terminal,0.5,18,"Конечный узел на границе обхода depth=4, вход от 1 — неотличим от истинного terminal",0.18836786229537758
100000008775747100,terminal,0.5,35,"Конечный узел на границе обхода depth=4, вход от 1 — неотличим от истинного terminal",0.1760164539286975
100000007988344100,terminal,0.5,32,"Конечный узел на границе обхода depth=4, вход от 1 — неотличим от истинного terminal",0.18108158384959339
100000002700161100,terminal,0.5,45,"Конечный узел на границе обхода depth=4, вход от 1 — неотличим от истинного terminal",0.20686024925358282
100000001590795100,terminal,0.5,22,"Конечный узел на границе обхода depth=4, вход от 1 — неотличим от истинного terminal",0.17611903029795697
100000008136608100,terminal,0.5,11,"Конечный узел на границе обхода depth=4, вход от 1 — неотличим от истинного terminal",0.1899338916319052
100000004890713100,terminal,0.5,11,"Конечный узел на границе обхода depth=4, вход от 1 — неотличим от истинного terminal",0.17674181583398327
100000002214207100,terminal,0.5,58,"Конечный узел на границе обхода depth=4, вход от 1 — неотличим от истинного terminal",0.19624981982250342
100000008583971100,terminal,0.5,32,"Конечный узел на границе обхода depth=4, вход от 2 — неотличим от истинного terminal",0.17988736362342791
100000002528978100,terminal,0.5,11,"Конечный узел на границе обхода depth=4, вход от 1 — неотличим от истинного terminal",0.17628134443760307
100000000375150100,terminal,0.5,26,"Конечный узел на границе обхода depth=4, вход от 1 — неотличим от истинного terminal",0.1990404847204634
100000002194320100,terminal,0.5,44,"Конечный узел на границе обхода depth=4, вход от 1 — неотличим от истинного terminal",0.18604062504995114
100000004840086100,terminal,0.5,32,"Конечный узел на границе обхода depth=4, вход от 1 — неотличим от истинного terminal",0.1886719623676419
100000001270470100,terminal,0.5,32,"Конечный узел на границе обхода depth=4, вход от 1 — неотличим от истинного terminal",0.18319727159316404
100000001733216100,terminal,0.5,36,"Конечный узел на границе обхода depth=4, вход от 1 — неотличим от истинного terminal",0.18209207623147103
100000008675322100,terminal,0.5,59,"Конечный узел на границе обхода depth=4, вход от 1 — неотличим от истинного terminal",0.17767398701172407
100000000627521100,terminal,0.5,69,"Конечный узел на границе обхода depth=4, вход от 1 — неотличим от истинного terminal",0.1760100441747177
100000003819173100,terminal,0.5,57,"Конечный узел на границе обхода depth=4, вход от 1 — неотличим от истинного terminal",0.17646589766717344
100000008071749100,terminal,0.5,11,"Конечный узел на границе обхода depth=4, вход от 1 — неотличим от истинного terminal",0.1764507177480552
100000003718715100,terminal,0.5,26,"Конечный узел на границе обхода depth=4, вход от 1 — неотличим от истинного terminal",0.19049421946939038
100000002505277100,terminal,0.5,36,"Конечный узел на границе обхода depth=4, вход от 1 — неотличим от истинного terminal",0.18209207623147103
100000002653187100,terminal,0.5,2,"Конечный узел на границе обхода depth=4, вход от 1 — неотличим от истинного terminal",0.18537570116907418
100000000600707100,terminal,0.5,58,"Конечный узел на границе обхода depth=4, вход от 1 — неотличим от истинного terminal",0.19022321526004177
100000002876914100,terminal,0.5,22,"Конечный узел на границе обхода depth=4, вход от 1 — неотличим от истинного terminal",0.17630485936425164
100000001816678100,terminal,0.5,65,"Конечный узел на границе обхода depth=4, вход от 1 — неотличим от истинного terminal",0.17718869451080344
100000002706810100,terminal,0.5,22,"Конечный узел на границе обхода depth=4, вход от 1 — неотличим от истинного terminal",0.1771884846074396
100000008190411100,terminal,0.5,35,"Конечный узел на границе обхода depth=4, вход от 1 — неотличим от истинного terminal",0.18291675000854532
100000001299443100,terminal,0.5,22,"Конечный узел на границе обхода depth=4, вход от 1 — неотличим от истинного terminal",0.17619775327416826
100000000581682100,terminal,0.5,48,"Конечный узел на границе обхода depth=4, вход от 1 — неотличим от истинного terminal",0.17624837407606497
100000005495211100,terminal,0.5,32,"Конечный узел на границе обхода depth=4, вход от 1 — неотличим от истинного terminal",0.1897130640828623
100000004571634100,terminal,0.5,0,"Конечный узел на границе обхода depth=4, вход от 1 — неотличим от истинного terminal",0.1804170966829857
100000008337304100,terminal,0.5,57,"Конечный узел на границе обхода depth=4, вход от 1 — неотличим от истинного terminal",0.1794207730621521
100000005075949100,terminal,0.5,56,"Конечный узел на границе обхода depth=4, вход от 1 — неотличим от истинного terminal",0.20011780837017476
100000003047800100,terminal,0.5,33,"Конечный узел на границе обхода depth=4, вход от 1 — неотличим от истинного terminal",0.1804367603935594
100000008680061100,terminal,0.5,32,"Конечный узел на границе обхода depth=4, вход от 1 — неотличим от истинного terminal",0.1772402496117542
100000001297206100,terminal,0.5,32,"Конечный узел на границе обхода depth=4, вход от 1 — неотличим от истинного terminal",0.176631085495413
100000005042822100,terminal,0.5,31,"Конечный узел на границе обхода depth=4, вход от 1 — неотличим от истинного terminal",0.18434160687168696
100000006351075100,terminal,0.5,53,"Конечный узел на границе обхода depth=4, вход от 1 — неотличим от истинного terminal",0.17625953918917076
100000008560263100,terminal,0.5,18,"Конечный узел на границе обхода depth=4, вход от 1 — неотличим от истинного terminal",0.17736552500304223
100000001220124100,terminal,0.5,57,"Конечный узел на границе обхода depth=4, вход от 1 — неотличим от истинного terminal",0.18869194302073994
100000006735545100,terminal,0.5,57,"Конечный узел на границе обхода depth=4, вход от 1 — неотличим от истинного terminal",0.17636893603308915
100000002130400100,terminal,0.5,58,"Конечный узел на границе обхода depth=4, вход от 1 — неотличим от истинного terminal",0.1775835044834442
100000004386286100,terminal,0.5,2,"Конечный узел на границе обхода depth=4, вход от 1 — неотличим от истинного terminal",0.19158050225945072
100000008151098100,terminal,0.5,27,"Конечный узел на границе обхода depth=4, вход от 1 — неотличим от истинного terminal",0.17717330869810968
100000008172721100,terminal,0.5,57,"Конечный узел на границе обхода depth=4, вход от 1 — неотличим от истинного terminal",0.18146978243813114
100000004797167100,terminal,0.5,57,"Конечный узел на границе обхода depth=4, вход от 1 — неотличим от истинного terminal",0.18929577830394684
100000004400480100,terminal,0.5,33,"Конечный узел на границе обхода depth=4, вход от 1 — неотличим от истинного terminal",0.18594080013338563
100000008757301100,terminal,0.5,32,"Конечный узел на границе обхода depth=4, вход от 1 — неотличим от истинного terminal",0.18824111740469388
100000008766764100,terminal,0.5,35,"Конечный узел на границе обхода depth=4, вход от 1 — неотличим от истинного terminal",0.1760164539286975
100000001311175100,terminal,0.5,33,"Конечный узел на границе обхода depth=4, вход от 1 — неотличим от истинного terminal",0.18828955199177316
100000003037476100,terminal,0.5,35,"Конечный узел на границе обхода depth=4, вход от 3 — неотличим от истинного terminal",0.18306523511800568
100000001845505100,terminal,0.5,57,"Конечный узел на границе обхода depth=4, вход от 1 — неотличим от истинного terminal",0.19133518593511054
100000002217806100,terminal,0.5,63,"Конечный узел на границе обхода depth=4, вход от 1 — неотличим от истинного terminal",0.18489942543877633
100000002208836100,terminal,0.5,18,"Конечный узел на границе обхода depth=4, вход от 1 — неотличим от истинного terminal",0.17819757810630377
100000001471706100,terminal,0.5,13,"Конечный узел на границе обхода depth=4, вход от 1 — неотличим от истинного terminal",0.1887204609454761
100000003105089100,terminal,0.5,68,"Конечный узел на границе обхода depth=4, вход от 1 — неотличим от истинного terminal",0.17667745400906348
100000004049912100,terminal,0.5,37,"Конечный узел на границе обхода depth=4, вход от 1 — неотличим от истинного terminal",0.17793428491151517
100000000926078100,terminal,0.5,57,"Конечный узел на границе обхода depth=4, вход от 1 — неотличим от истинного terminal",0.1875414751233204
100000001598625100,terminal,0.5,57,"Конечный узел на границе обхода depth=4, вход от 1 — неотличим от истинного terminal",0.1831542679090203
100000003622955100,terminal,0.5,0,"Конечный узел на границе обхода depth=4, вход от 1 — неотличим от истинного terminal",0.22845557982992862
100000003214786100,terminal,0.5,32,"Конечный узел на границе обхода depth=4, вход от 1 — неотличим от истинного terminal",0.1827239674373091
100000004200745100,terminal,0.5,2,"Конечный узел на границе обхода depth=4, вход от 1 — неотличим от истинного terminal",0.19176704538190323
100000008740295100,terminal,0.5,35,"Конечный узел на границе обхода depth=4, вход от 1 — неотличим от истинного terminal",0.17795831117576333
100000004800452100,terminal,0.5,18,"Конечный узел на границе обхода depth=4, вход от 1 — неотличим от истинного terminal",0.19211553669383888
100000002242066100,terminal,0.5,51,"Конечный узел на границе обхода depth=4, вход от 1 — неотличим от истинного terminal",0.18840311349271713
100000008333492100,terminal,0.5,66,"Конечный узел на границе обхода depth=4, вход от 1 — неотличим от истинного terminal",0.18361104336785433
100000004260869100,terminal,0.5,21,"Конечный узел на границе обхода depth=4, вход от 1 — неотличим от истинного terminal",0.20383530673990824
100000007357489100,terminal,0.5,35,"Конечный узел на границе обхода depth=4, вход от 2 — неотличим от истинного terminal",0.17904894082100012
100000003180820100,terminal,0.5,35,"Конечный узел на границе обхода depth=4, вход от 1 — неотличим от истинного terminal",0.1766483803548613
100000002645046100,terminal,0.5,22,"Конечный узел на границе обхода depth=4, вход от 1 — неотличим от истинного terminal",0.17630485936425164
100000002514975100,terminal,0.5,27,"Конечный узел на границе обхода depth=4, вход от 1 — неотличим от истинного terminal",0.18826593673150924
100000006491963100,terminal,0.5,22,"Конечный узел на границе обхода depth=4, вход от 1 — неотличим от истинного terminal",0.17641196545433505
100000003696422100,terminal,0.5,31,"Конечный узел на границе обхода depth=4, вход от 1 — неотличим от истинного terminal",0.1971459828177984
100000006381453100,terminal,0.5,35,"Конечный узел на границе обхода depth=4, вход от 1 — неотличим от истинного terminal",0.19052380498480867
100000003481025100,terminal,0.5,32,"Конечный узел на границе обхода depth=4, вход от 1 — неотличим от истинного terminal",0.1882651147760994
100000002832753100,terminal,0.5,44,"Конечный узел на границе обхода depth=4, вход от 1 — неотличим от истинного terminal",0.199498454710731
100000005783452100,terminal,0.5,33,"Конечный узел на границе обхода depth=4, вход от 2 — неотличим от истинного terminal",0.1791219464975037
100000005087923100,terminal,0.5,34,"Конечный узел на границе обхода depth=4, вход от 1 — неотличим от истинного terminal",0.18474026182089456
100000003631015100,terminal,0.5,53,"Конечный узел на границе обхода depth=4, вход от 1 — неотличим от истинного terminal",0.1778189284268772
100000003230328100,terminal,0.5,32,"Конечный узел на границе обхода depth=4, вход от 3 — неотличим от истинного terminal",0.18268126611909352
100000005010159100,terminal,0.5,57,"Конечный узел на границе обхода depth=4, вход от 1 — неотличим от истинного terminal",0.1924351985588539
100000005049404100,terminal,0.5,18,"Конечный узел на границе обхода depth=4, вход от 1 — неотличим от истинного terminal",0.17733788532486142
100000002878483100,terminal,0.5,22,"Конечный узел на границе обхода depth=4, вход от 1 — неотличим от истинного terminal",0.17614420022912655
100000006706519100,terminal,0.5,32,"Конечный узел на границе обхода depth=4, вход от 1 — неотличим от истинного terminal",0.18124436358516804
100000004403641100,terminal,0.5,33,"Конечный узел на границе обхода depth=4, вход от 1 — неотличим от истинного terminal",0.1767330802224892
100000008221765100,terminal,0.5,18,"Конечный узел на границе обхода depth=4, вход от 1 — неотличим от истинного terminal",0.18873623113165985
100000007960337100,terminal,0.5,57,"Конечный узел на границе обхода depth=4, вход от 1 — неотличим от истинного terminal",0.1768440928196863
100000002371892100,terminal,0.5,28,"Конечный узел на границе обхода depth=4, вход от 1 — неотличим от истинного terminal",0.17703245330255313
100000004326224100,terminal,0.5,18,"Конечный узел на границе обхода depth=4, вход от 1 — неотличим от истинного terminal",0.18845784273964766
100000004586598100,terminal,0.5,60,"Конечный узел на границе обхода depth=4, вход от 1 — неотличим от истинного terminal",0.18867739546760817
100000008766031100,terminal,0.5,35,"Конечный узел на границе обхода depth=4, вход от 1 — неотличим от истинного terminal",0.17602896054657846
100000005209352100,terminal,0.5,32,"Конечный узел на границе обхода depth=4, вход от 1 — неотличим от истинного terminal",0.1827239674373091
100000004848236100,terminal,0.5,32,"Конечный узел на границе обхода depth=4, вход от 1 — неотличим от истинного terminal",0.17714963734658673
100000000981693100,terminal,0.5,32,"Конечный узел на границе обхода depth=4, вход от 1 — неотличим от истинного terminal",0.18816781709484143
100000005723580100,terminal,0.5,35,"Конечный узел на границе обхода depth=4, вход от 1 — неотличим от истинного terminal",0.17892397864724519
100000004047887100,terminal,0.5,69,"Конечный узел на границе обхода depth=4, вход от 1 — неотличим от истинного terminal",0.17610586300499945
100000002227960100,terminal,0.5,68,"Конечный узел на границе обхода depth=4, вход от 1 — неотличим от истинного terminal",0.17667745400906348
100000004263867100,terminal,0.5,22,"Конечный узел на границе обхода depth=4, вход от 1 — неотличим от истинного terminal",0.1762245297966891
100000008321975100,terminal,0.5,68,"Конечный узел на границе обхода depth=4, вход от 1 — неотличим от истинного terminal",0.1768671318290065
100000004674389100,terminal,0.5,0,"Конечный узел на границе обхода depth=4, вход от 1 — неотличим от истинного terminal",0.17930870778573962
100000003950749100,terminal,0.5,21,"Конечный узел на границе обхода depth=4, вход от 1 — неотличим от истинного terminal",0.18092065180828087
100000004107228100,terminal,0.5,65,"Конечный узел на границе обхода depth=4, вход от 1 — неотличим от истинного terminal",0.17614061668026473
100000008027922100,terminal,0.5,42,"Конечный узел на границе обхода depth=4, вход от 1 — неотличим от истинного terminal",0.18683119366414255
100000008649416100,terminal,0.5,54,"Конечный узел на границе обхода depth=4, вход от 1 — неотличим от истинного terminal",0.18840024220402019
100000004601193100,terminal,0.5,0,"Конечный узел на границе обхода depth=4, вход от 1 — неотличим от истинного terminal",0.19188713810952424
100000008308418100,terminal,0.5,32,"Конечный узел на границе обхода depth=4, вход от 1 — неотличим от истинного terminal",0.18329023899839947
100000004652395100,terminal,0.5,32,"Конечный узел на границе обхода depth=4, вход от 3 — неотличим от истинного terminal",0.18188202637617384
100000005745873100,terminal,0.5,53,"Конечный узел на границе обхода depth=4, вход от 1 — неотличим от истинного terminal",0.1775222304745702
100000005226217100,terminal,0.5,35,"Конечный узел на границе обхода depth=4, вход от 1 — неотличим от истинного terminal",0.18085966756642588
100000008638859100,terminal,0.5,37,"Конечный узел на границе обхода depth=4, вход от 1 — неотличим от истинного terminal",0.18869654769281805
100000008588665100,terminal,0.5,32,"Конечный узел на границе обхода depth=4, вход от 1 — неотличим от истинного terminal",0.1793320029212678
100000002686226100,terminal,0.5,54,"Конечный узел на границе обхода depth=4, вход от 1 — неотличим от истинного terminal",0.1944490204302992
100000008715513100,terminal,0.5,22,"Конечный узел на границе обхода depth=4, вход от 1 — неотличим от истинного terminal",0.17685377807592903
100000002369454100,terminal,0.5,57,"Конечный узел на границе обхода depth=4, вход от 1 — неотличим от истинного terminal",0.1831542679090203
100000001991973100,terminal,0.5,22,"Конечный узел на границе обхода depth=4, вход от 1 — неотличим от истинного terminal",0.1765404927624351
100000003180305100,terminal,0.5,32,"Конечный узел на границе обхода depth=4, вход от 1 — неотличим от истинного terminal",0.1881165321270659
100000008554390100,terminal,0.5,22,"Конечный узел на границе обхода depth=4, вход от 1 — неотличим от истинного terminal",0.17635841240929334
100000007511780100,terminal,0.5,38,"Конечный узел на границе обхода depth=4, вход от 1 — неотличим от истинного terminal",0.18960328177906832
100000008336318100,terminal,0.5,35,"Конечный узел на границе обхода depth=4, вход от 1 — неотличим от истинного terminal",0.17804251395981516
100000006693788100,terminal,0.5,32,"Конечный узел на границе обхода depth=4, вход от 1 — неотличим от истинного terminal",0.18831859386147773
100000002229615100,terminal,0.5,68,"Конечный узел на границе обхода depth=4, вход от 1 — неотличим от истинного terminal",0.19764540027824537
100000004403548100,terminal,0.5,57,"Конечный узел на границе обхода depth=4, вход от 1 — неотличим от истинного terminal",0.180101287889288
100000004500781100,terminal,0.5,19,"Конечный узел на границе обхода depth=4, вход от 1 — неотличим от истинного terminal",0.19575665584830704
100000002596039100,terminal,0.5,57,"Конечный узел на границе обхода depth=4, вход от 1 — неотличим от истинного terminal",0.17692291137219726
100000002689717100,terminal,0.5,11,"Конечный узел на границе обхода depth=4, вход от 1 — неотличим от истинного terminal",0.1768732051707987
100000002695812100,terminal,0.5,11,"Конечный узел на границе обхода depth=4, вход от 1 — неотличим от истинного terminal",0.1777628692475959
100000001299323100,terminal,0.5,35,"Конечный узел на границе обхода depth=4, вход от 1 — неотличим от истинного terminal",0.17670104089037494
100000008251939100,terminal,0.5,11,"Конечный узел на границе обхода depth=4, вход от 1 — неотличим от истинного terminal",0.17681439369287988
100000004167082100,terminal,0.5,26,"Конечный узел на границе обхода depth=4, вход от 1 — неотличим от истинного terminal",0.18095435175901528
100000005189258100,terminal,0.5,32,"Конечный узел на границе обхода depth=4, вход от 1 — неотличим от истинного terminal",0.17750497997747933
100000003134550100,terminal,0.5,35,"Конечный узел на границе обхода depth=4, вход от 1 — неотличим от истинного terminal",0.17664784575524428
100000006866831100,terminal,0.5,32,"Конечный узел на границе обхода depth=4, вход от 1 — неотличим от истинного terminal",0.18009185747893605
100000003838587100,terminal,0.5,19,"Конечный узел на границе обхода depth=4, вход от 1 — неотличим от истинного terminal",0.18946628476718338
100000004379306100,terminal,0.5,57,"Конечный узел на границе обхода depth=4, вход от 1 — неотличим от истинного terminal",0.18831640221826032
100000004988240100,terminal,0.5,32,"Конечный узел на границе обхода depth=4, вход от 1 — неотличим от истинного terminal",0.1882101305847142
100000001822650100,terminal,0.5,35,"Конечный узел на границе обхода depth=4, вход от 1 — неотличим от истинного terminal",0.17700093683172594
100000000581662100,terminal,0.5,33,"Конечный узел на границе обхода depth=4, вход от 1 — неотличим от истинного terminal",0.17685152506265764
100000003010908100,terminal,0.5,11,"Конечный узел на границе обхода depth=4, вход от 1 — неотличим от истинного terminal",0.18167959839355627
100000003091142100,terminal,0.5,32,"Конечный узел на границе обхода depth=4, вход от 1 — неотличим от истинного terminal",0.1822027211077895
100000008331280100,terminal,0.5,27,"Конечный узел на границе обхода depth=4, вход от 1 — неотличим от истинного terminal",0.17760955681961602
100000004549591100,terminal,0.5,63,"Конечный узел на границе обхода depth=4, вход от 1 — неотличим от истинного terminal",0.18392678351025543
100000003985389100,terminal,0.5,57,"Конечный узел на границе обхода depth=4, вход от 1 — неотличим от истинного terminal",0.18623011837128386
100000003486846100,terminal,0.5,21,"Конечный узел на границе обхода depth=4, вход от 1 — неотличим от истинного terminal",0.18827061245607815
100000004569637100,terminal,0.5,57,"Конечный узел на границе обхода depth=4, вход от 1 — неотличим от истинного terminal",0.1893726131447895
100000005616568100,terminal,0.5,18,"Конечный узел на границе обхода depth=4, вход от 1 — неотличим от истинного terminal",0.1833080558119176
100000003177533100,terminal,0.5,57,"Конечный узел на границе обхода depth=4, вход от 1 — неотличим от истинного terminal",0.17861681784510622
100000002506987100,terminal,0.5,11,"Конечный узел на границе обхода depth=4, вход от 1 — неотличим от истинного terminal",0.17651172060906845
100000002227989100,terminal,0.5,68,"Конечный узел на границе обхода depth=4, вход от 1 — неотличим от истинного terminal",0.18143197197112365
100000003252446100,terminal,0.5,35,"Конечный узел на границе обхода depth=4, вход от 1 — неотличим от истинного terminal",0.17670497595611118
100000004222274100,terminal,0.5,32,"Конечный узел на границе обхода depth=4, вход от 1 — неотличим от истинного terminal",0.18898517342047477
100000008376785100,terminal,0.5,18,"Конечный узел на границе обхода depth=4, вход от 1 — неотличим от истинного terminal",0.18830418828854376
100000008461217100,terminal,0.5,45,"Конечный узел на границе обхода depth=4, вход от 1 — неотличим от истинного terminal",0.18899381791192485
100000003146511100,terminal,0.5,26,"Конечный узел на границе обхода depth=4, вход от 1 — неотличим от истинного terminal",0.17729669358499534
100000003782913100,terminal,0.5,19,"Конечный узел на границе обхода depth=4, вход от 1 — неотличим от истинного terminal",0.17667539656547382
100000004019056100,terminal,0.5,26,"Конечный узел на границе обхода depth=4, вход от 1 — неотличим от истинного terminal",0.18876023145855472
100000002487222100,terminal,0.5,18,"Конечный узел на границе обхода depth=4, вход от 1 — неотличим от истинного terminal",0.17722732661213816
100000008762885100,terminal,0.5,35,"Конечный узел на границе обхода depth=4, вход от 1 — неотличим от истинного terminal",0.1760683223296526
100000002670463100,terminal,0.5,22,"Конечный узел на границе обхода depth=4, вход от 1 — неотличим от истинного terminal",0.17682700155340816
100000001957974100,terminal,0.5,19,"Конечный узел на границе обхода depth=4, вход от 1 — неотличим от истинного terminal",0.17771317977268233
100000004780083100,terminal,0.5,55,"Конечный узел на границе обхода depth=4, вход от 1 — неотличим от истинного terminal",0.17637461607285296
100000003128638100,terminal,0.5,35,"Конечный узел на границе обхода depth=4, вход от 1 — неотличим от истинного terminal",0.17961702262190798
100000004791226100,terminal,0.5,32,"Конечный узел на границе обхода depth=4, вход от 1 — неотличим от истинного terminal",0.18878836536705973
100000008758607100,terminal,0.5,35,"Конечный узел на границе обхода depth=4, вход от 1 — неотличим от истинного terminal",0.1760164539286975
100000004674412100,terminal,0.5,0,"Конечный узел на границе обхода depth=4, вход от 1 — неотличим от истинного terminal",0.18618071894866517
100000003626268100,terminal,0.5,57,"Конечный узел на границе обхода depth=4, вход от 1 — неотличим от истинного terminal",0.18825832435661627
100000002540033100,terminal,0.5,52,"Конечный узел на границе обхода depth=4, вход от 1 — неотличим от истинного terminal",0.1915203832671239
100000003247600100,terminal,0.5,65,"Конечный узел на границе обхода depth=4, вход от 1 — неотличим от истинного terminal",0.20378530192127525
100000000561160100,terminal,0.5,65,"Конечный узел на границе обхода depth=4, вход от 1 — неотличим от истинного terminal",0.18352316923463757
100000000704700100,terminal,0.5,25,"Конечный узел на границе обхода depth=4, вход от 1 — неотличим от истинного terminal",0.188376648136845
100000002999140100,terminal,0.5,2,"Конечный узел на границе обхода depth=4, вход от 1 — неотличим от истинного terminal",0.17617934582934663
100000004798515100,terminal,0.5,2,"Конечный узел на границе обхода depth=4, вход от 1 — неотличим от истинного terminal",0.17989963580090462
100000002305477100,terminal,0.5,68,"Конечный узел на границе обхода depth=4, вход от 1 — неотличим от истинного terminal",0.1773713669241255
100000006638021100,terminal,0.5,66,"Конечный узел на границе обхода depth=4, вход от 2 — неотличим от истинного terminal",0.19063348921735215
100000002529877100,terminal,0.5,33,"Конечный узел на границе обхода depth=4, вход от 1 — неотличим от истинного terminal",0.17699749490046887
100000001246806100,terminal,0.5,35,"Конечный узел на границе обхода depth=4, вход от 1 — неотличим от истинного terminal",0.18836271770972882
100000003194831100,terminal,0.5,0,"Конечный узел на границе обхода depth=4, вход от 1 — неотличим от истинного terminal",0.17624659962116934
100000005849862100,terminal,0.5,10,"Конечный узел на границе обхода depth=4, вход от 1 — неотличим от истинного terminal",0.18913620788885505
100000003084870100,terminal,0.5,33,"Конечный узел на границе обхода depth=4, вход от 1 — неотличим от истинного terminal",0.17896613020718105
100000008471634100,terminal,0.5,47,"Конечный узел на границе обхода depth=4, вход от 1 — неотличим от истинного terminal",0.21796568095844646
100000004788983100,terminal,0.5,32,"Конечный узел на границе обхода depth=4, вход от 1 — неотличим от истинного terminal",0.1801814876033084
100000008695157100,terminal,0.5,57,"Конечный узел на границе обхода depth=4, вход от 1 — неотличим от истинного terminal",0.18658848919446477
100000000369781100,terminal,0.5,18,"Конечный узел на границе обхода depth=4, вход от 1 — неотличим от истинного terminal",0.1883377514361494
100000008327791100,terminal,0.5,54,"Конечный узел на границе обхода depth=4, вход от 1 — неотличим от истинного terminal",0.18855244308109181
100000002723674100,terminal,0.5,68,"Конечный узел на границе обхода depth=4, вход от 1 — неотличим от истинного terminal",0.17806527983918755
100000006416061100,terminal,0.5,32,"Конечный узел на границе обхода depth=4, вход от 1 — неотличим от истинного terminal",0.18345320724842798
100000008551752100,terminal,0.5,53,"Конечный узел на границе обхода depth=4, вход от 1 — неотличим от истинного terminal",0.17878492175996966
100000003345947100,terminal,0.5,57,"Конечный узел на границе обхода depth=4, вход от 1 — неотличим от истинного terminal",0.18645081617964288
100000004777215100,terminal,0.5,68,"Конечный узел на границе обхода depth=4, вход от 1 — неотличим от истинного terminal",0.18496920958557833
100000002516862100,terminal,0.5,55,"Конечный узел на границе обхода depth=4, вход от 1 — неотличим от истинного terminal",0.17917933432552022
100000001089055100,terminal,0.5,54,"Конечный узел на границе обхода depth=4, вход от 1 — неотличим от истинного terminal",0.17817201682813835
100000003632533100,terminal,0.5,18,"Конечный узел на границе обхода depth=4, вход от 1 — неотличим от истинного terminal",0.18315763332895205
100000006689603100,terminal,0.5,57,"Конечный узел на границе обхода depth=4, вход от 1 — неотличим от истинного terminal",0.17732549863428115
100000003792647100,terminal,0.5,18,"Конечный узел на границе обхода depth=4, вход от 1 — неотличим от истинного terminal",0.18172281488196193
100000008710913100,terminal,0.5,35,"Конечный узел на границе обхода depth=4, вход от 1 — неотличим от истинного terminal",0.17611071556121702
100000002478829100,terminal,0.5,68,"Конечный узел на границе обхода depth=4, вход от 1 — неотличим от истинного terminal",0.181075419905895
100000002896506100,terminal,0.5,18,"Конечный узел на границе обхода depth=4, вход от 1 — неотличим от истинного terminal",0.17738755706717182
100000002733083100,terminal,0.5,11,"Конечный узел на границе обхода depth=4, вход от 1 — неотличим от истинного terminal",0.17626823359857657
100000004418967100,terminal,0.5,35,"Конечный узел на границе обхода depth=4, вход от 1 — неотличим от истинного terminal",0.1843847912461264
100000002968096100,terminal,0.5,57,"Конечный узел на границе обхода depth=4, вход от 1 — неотличим от истинного terminal",0.17768040365168986
100000004616845100,terminal,0.5,62,"Конечный узел на границе обхода depth=4, вход от 1 — неотличим от истинного terminal",0.17614607537941573
100000006412162100,terminal,0.5,22,"Конечный узел на границе обхода depth=4, вход от 1 — неотличим от истинного terminal",0.17638518893181418
100000006512787100,terminal,0.5,32,"Конечный узел на границе обхода depth=4, вход от 1 — неотличим от истинного terminal",0.18821608489256453
100000003005167100,terminal,0.5,22,"Конечный узел на границе обхода depth=4, вход от 1 — неотличим от истинного terminal",0.17617097675164742
100000002119762100,terminal,0.5,18,"Конечный узел на границе обхода depth=4, вход от 1 — неотличим от истинного terminal",0.18818998658901742
100000004911971100,terminal,0.5,59,"Конечный узел на границе обхода depth=4, вход от 1 — неотличим от истинного terminal",0.17615755758553173
100000005910895100,terminal,0.5,30,"Конечный узел на границе обхода depth=4, вход от 1 — неотличим от истинного terminal",0.19159618210354387
100000003646145100,terminal,0.5,9,"Конечный узел на границе обхода depth=4, вход от 1 — неотличим от истинного terminal",0.19440224093398828
100000000557536100,terminal,0.5,59,"Конечный узел на границе обхода depth=4, вход от 1 — неотличим от истинного terminal",0.17674424175697664
100000002748040100,terminal,0.5,11,"Конечный узел на границе обхода depth=4, вход от 1 — неотличим от истинного terminal",0.1763206769546825
100000007865484100,terminal,0.5,53,"Конечный узел на границе обхода depth=4, вход от 1 — неотличим от истинного terminal",0.18001725325490048
100000005553088100,terminal,0.5,57,"Конечный узел на границе обхода depth=4, вход от 1 — неотличим от истинного terminal",0.17641965514925778
100000004433250100,terminal,0.5,32,"Конечный узел на границе обхода depth=4, вход от 1 — неотличим от истинного terminal",0.17703433092288165
100000001130553100,terminal,0.5,18,"Конечный узел на границе обхода depth=4, вход от 1 — неотличим от истинного terminal",0.1888969071169125
100000005685783100,terminal,0.5,43,"Конечный узел на границе обхода depth=4, вход от 1 — неотличим от истинного terminal",0.18831690162148354
100000003786516100,terminal,0.5,32,"Конечный узел на границе обхода depth=4, вход от 1 — неотличим от истинного terminal",0.17636332886222514
100000008524903100,terminal,0.5,32,"Конечный узел на границе обхода depth=4, вход от 1 — неотличим от истинного terminal",0.1782953829220155
100000008677368100,terminal,0.5,10,"Конечный узел на границе обхода depth=4, вход от 1 — неотличим от истинного terminal",0.18841536054746483
100000003083865100,terminal,0.5,11,"Конечный узел на границе обхода depth=4, вход от 1 — неотличим от истинного terminal",0.176264487644569
100000007841978100,terminal,0.5,18,"Конечный узел на границе обхода depth=4, вход от 1 — неотличим от истинного terminal",0.18702912574426517
100000006232642100,terminal,0.5,67,"Конечный узел на границе обхода depth=4, вход от 1 — неотличим от истинного terminal",0.18310294378888362
100000002752565100,terminal,0.5,57,"Конечный узел на границе обхода depth=4, вход от 1 — неотличим от истинного terminal",0.17861875005268618
100000003904497100,terminal,0.5,35,"Конечный узел на границе обхода depth=4, вход от 1 — неотличим от истинного terminal",0.17876989907824398
100000004526651100,terminal,0.5,35,"Конечный узел на границе обхода depth=4, вход от 1 — неотличим от истинного terminal",0.1762007658029953
100000007745062100,terminal,0.5,2,"Конечный узел на границе обхода depth=4, вход от 1 — неотличим от истинного terminal",0.1929811610963572
100000002635746100,terminal,0.5,22,"Конечный узел на границе обхода depth=4, вход от 1 — неотличим от истинного terminal",0.17612545666336196
100000000424935100,terminal,0.5,48,"Конечный узел на границе обхода depth=4, вход от 1 — неотличим от истинного terminal",0.17677804004019199
100000000470237100,terminal,0.5,48,"Конечный узел на границе обхода depth=4, вход от 1 — неотличим от истинного terminal",0.1909473873931424
100000002258492100,terminal,0.5,13,"Конечный узел на границе обхода depth=4, вход от 1 — неотличим от истинного terminal",0.1887204609454761
100000000299820100,terminal,0.5,57,"Конечный узел на границе обхода depth=4, вход от 1 — неотличим от истинного terminal",0.18421903468457457
100000005878334100,terminal,0.5,57,"Конечный узел на границе обхода depth=4, вход от 1 — неотличим от истинного terminal",0.18165732402590287
100000007510567100,terminal,0.5,11,"Конечный узел на границе обхода depth=4, вход от 1 — неотличим от истинного terminal",0.17695748913596895
100000001533161100,terminal,0.5,61,"Конечный узел на границе обхода depth=4, вход от 1 — неотличим от истинного terminal",0.17792859792778024
100000001249054100,terminal,0.5,11,"Конечный узел на границе обхода depth=4, вход от 1 — неотличим от истинного terminal",0.17630897084840888
100000008469048100,terminal,0.5,32,"Конечный узел на границе обхода depth=4, вход от 1 — неотличим от истинного terminal",0.19065579867371743
100000001276409100,terminal,0.5,11,"Конечный узел на границе обхода depth=4, вход от 1 — неотличим от истинного terminal",0.17775837410278683
100000005711521100,terminal,0.5,26,"Конечный узел на границе обхода depth=4, вход от 1 — неотличим от истинного terminal",0.18840607469079834
100000003448713100,terminal,0.5,57,"Конечный узел на границе обхода depth=4, вход от 1 — неотличим от истинного terminal",0.1768784590286755
100000008517061100,terminal,0.5,19,"Конечный узел на границе обхода depth=4, вход от 1 — неотличим от истинного terminal",0.18236244854097644
100000007034089100,terminal,0.5,35,"Конечный узел на границе обхода depth=4, вход от 2 — неотличим от истинного terminal",0.17945705608167783
100000002659265100,terminal,0.5,35,"Конечный узел на границе обхода depth=4, вход от 1 — неотличим от истинного terminal",0.17769127741211754
100000008343415100,terminal,0.5,57,"Конечный узел на границе обхода depth=4, вход от 1 — неотличим от истинного terminal",0.1834099585441342
100000002734815100,terminal,0.5,35,"Конечный узел на границе обхода depth=4, вход от 1 — неотличим от истинного terminal",0.17731581765423385
100000008735802100,terminal,0.5,32,"Конечный узел на границе обхода depth=4, вход от 1 — неотличим от истинного terminal",0.18714818302585337
100000000803368100,terminal,0.5,19,"Конечный узел на границе обхода depth=4, вход от 1 — неотличим от истинного terminal",0.1891201412239653
100000002835874100,terminal,0.5,35,"Конечный узел на границе обхода depth=4, вход от 1 — неотличим от истинного terminal",0.17636993777333287
100000004350094100,terminal,0.5,37,"Конечный узел на границе обхода depth=4, вход от 1 — неотличим от истинного terminal",0.2064240088926352
100000007071852100,terminal,0.5,57,"Конечный узел на границе обхода depth=4, вход от 1 — неотличим от истинного terminal",0.18388643603960458
100000005497148100,terminal,0.5,18,"Конечный узел на границе обхода depth=4, вход от 1 — неотличим от истинного terminal",0.18621304805946115
100000008631800100,terminal,0.5,22,"Конечный узел на границе обхода depth=4, вход от 1 — неотличим от истинного terminal",0.17632761940839436
100000003989033100,terminal,0.5,0,"Конечный узел на границе обхода depth=4, вход от 1 — неотличим от истинного terminal",0.19166208124475745
100000007381662100,terminal,0.5,32,"Конечный узел на границе обхода depth=4, вход от 1 — неотличим от истинного terminal",0.17654717360657404
100000002660298100,terminal,0.5,11,"Конечный узел на границе обхода depth=4, вход от 1 — неотличим от истинного terminal",0.1765622909881706
100000006308406100,terminal,0.5,68,"Конечный узел на границе обхода depth=4, вход от 1 — неотличим от истинного terminal",0.1886821474396365
100000004976946100,terminal,0.5,53,"Конечный узел на границе обхода depth=4, вход от 1 — неотличим от истинного terminal",0.17768092937929253
100000007042175100,terminal,0.5,32,"Конечный узел на границе обхода depth=4, вход от 1 — неотличим от истинного terminal",0.18841420939637063
100000002594214100,terminal,0.5,69,"Конечный узел на границе обхода depth=4, вход от 1 — неотличим от истинного terminal",0.18006093812726695
100000007749747100,terminal,0.5,35,"Конечный узел на границе обхода depth=4, вход от 1 — неотличим от истинного terminal",0.18389179856969398
100000001724740100,terminal,0.5,35,"Конечный узел на границе обхода depth=4, вход от 1 — неотличим от истинного terminal",0.18853802506539052
100000001256409100,terminal,0.5,57,"Конечный узел на границе обхода depth=4, вход от 1 — неотличим от истинного terminal",0.18907262372667338
100000002597074100,terminal,0.5,32,"Конечный узел на границе обхода depth=4, вход от 1 — неотличим от истинного terminal",0.1772273770967591
100000004177936100,terminal,0.5,57,"Конечный узел на границе обхода depth=4, вход от 1 — неотличим от истинного terminal",0.1785572626394178
100000007153161100,terminal,0.5,32,"Конечный узел на границе обхода depth=4, вход от 1 — неотличим от истинного terminal",0.18826106606588996
100000007997939100,terminal,0.5,35,"Конечный узел на границе обхода depth=4, вход от 1 — неотличим от истинного terminal",0.17960580647351673
100000004013952100,terminal,0.5,32,"Конечный узел на границе обхода depth=4, вход от 1 — неотличим от истинного terminal",0.1883709462904851
100000003096787100,terminal,0.5,11,"Конечный узел на границе обхода depth=4, вход от 1 — неотличим от истинного terminal",0.17629070932262197
100000002320495100,terminal,0.5,54,"Конечный узел на границе обхода depth=4, вход от 1 — неотличим от истинного terminal",0.1884848632204722
100000000542087100,terminal,0.5,59,"Конечный узел на границе обхода depth=4, вход от 1 — неотличим от истинного terminal",0.17602583659777185
100000008761220100,terminal,0.5,35,"Конечный узел на границе обхода depth=4, вход от 1 — неотличим от истинного terminal",0.17604936676339353
100000004472936100,terminal,0.5,26,"Конечный узел на границе обхода depth=4, вход от 1 — неотличим от истинного terminal",0.18830861771222793
100000008762005100,terminal,0.5,35,"Конечный узел на границе обхода depth=4, вход от 1 — неотличим от истинного terminal",0.17604409911946658
100000004747154100,terminal,0.5,35,"Конечный узел на границе обхода depth=4, вход от 1 — неотличим от истинного terminal",0.17832430701627125
100000004908173100,terminal,0.5,35,"Конечный узел на границе обхода depth=4, вход от 1 — неотличим от истинного terminal",0.1777478036259477
100000007653094100,terminal,0.5,26,"Конечный узел на границе обхода depth=4, вход от 1 — неотличим от истинного terminal",0.19048910394792964
100000006756956100,terminal,0.5,32,"Конечный узел на границе обхода depth=4, вход от 1 — неотличим от истинного terminal",0.17725333108045832
100000003173783100,terminal,0.5,64,"Конечный узел на границе обхода depth=4, вход от 1 — неотличим от истинного terminal",0.17904837734625195
100000008175078100,terminal,0.5,59,"Конечный узел на границе обхода depth=4, вход от 1 — неотличим от истинного terminal",0.1851652030680116
100000002994441100,terminal,0.5,57,"Конечный узел на границе обхода depth=4, вход от 1 — неотличим от истинного terminal",0.18937811753913936
100000003199390100,terminal,0.5,18,"Конечный узел на границе обхода depth=4, вход от 1 — неотличим от истинного terminal",0.18053997615830594
100000006903193100,terminal,0.5,32,"Конечный узел на границе обхода depth=4, вход от 1 — неотличим от истинного terminal",0.17678587329317602
100000001202787100,terminal,0.5,32,"Конечный узел на границе обхода depth=4, вход от 2 — неотличим от истинного terminal",0.18095957242125688
100000002794374100,terminal,0.5,66,"Конечный узел на границе обхода depth=4, вход от 1 — неотличим от истинного terminal",0.17989598449694819
100000004856746100,terminal,0.5,39,"Конечный узел на границе обхода depth=4, вход от 1 — неотличим от истинного terminal",0.1767079568429922
100000005767403100,terminal,0.5,39,"Конечный узел на границе обхода depth=4, вход от 1 — неотличим от истинного terminal",0.2158264072884925
100000004891562100,terminal,0.5,22,"Конечный узел на границе обхода depth=4, вход от 1 — неотличим от истинного terminal",0.17875223352265712
100000001275557100,terminal,0.5,42,"Конечный узел на границе обхода depth=4, вход от 1 — неотличим от истинного terminal",0.17908287039975607
100000000957746100,terminal,0.5,54,"Конечный узел на границе обхода depth=4, вход от 1 — неотличим от истинного terminal",0.17907264114001067
100000000733940100,terminal,0.5,31,"Конечный узел на границе обхода depth=4, вход от 1 — неотличим от истинного terminal",0.18226880655882097
100000002986245100,terminal,0.5,22,"Конечный узел на границе обхода depth=4, вход от 1 — неотличим от истинного terminal",0.17613750609849635
100000005589319100,terminal,0.5,65,"Конечный узел на границе обхода depth=4, вход от 1 — неотличим от истинного terminal",0.17720372280351335
100000005636951100,terminal,0.5,34,"Конечный узел на границе обхода depth=4, вход от 1 — неотличим от истинного terminal",0.19349698254778766
100000002126791100,terminal,0.5,35,"Конечный узел на границе обхода depth=4, вход от 1 — неотличим от истинного terminal",0.19029928682822156
100000008778010100,terminal,0.5,43,"Конечный узел на границе обхода depth=4, вход от 1 — неотличим от истинного terminal",0.18819589343754198
100000008255655100,terminal,0.5,54,"Конечный узел на границе обхода depth=4, вход от 1 — неотличим от истинного terminal",0.18827345781733265
100000005782886100,terminal,0.5,35,"Конечный узел на границе обхода depth=4, вход от 1 — неотличим от истинного terminal",0.179884442271941
100000002214383100,terminal,0.5,43,"Конечный узел на границе обхода depth=4, вход от 1 — неотличим от истинного terminal",0.18825739484971007
100000003447411100,terminal,0.5,57,"Конечный узел на границе обхода depth=4, вход от 1 — неотличим от истинного terminal",0.17699671903691264
100000002981489100,terminal,0.5,18,"Конечный узел на границе обхода depth=4, вход от 1 — неотличим от истинного terminal",0.17612173948490556
100000001053894100,terminal,0.5,69,"Конечный узел на границе обхода depth=4, вход от 1 — неотличим от истинного terminal",0.1841383351605324
100000001065481100,terminal,0.5,26,"Конечный узел на границе обхода depth=4, вход от 1 — неотличим от истинного terminal",0.18332358076048416
100000003220685100,terminal,0.5,18,"Конечный узел на границе обхода depth=4, вход от 1 — неотличим от истинного terminal",0.18859398027952437
100000003074515100,terminal,0.5,35,"Конечный узел на границе обхода depth=4, вход от 1 — неотличим от истинного terminal",0.1766747106226181
100000004272302100,terminal,0.5,56,"Конечный узел на границе обхода depth=4, вход от 1 — неотличим от истинного terminal",0.17609196098293306
100000005079473100,terminal,0.5,57,"Конечный узел на границе обхода depth=4, вход от 1 — неотличим от истинного terminal",0.1780068102430961
100000008628818100,terminal,0.5,11,"Конечный узел на границе обхода depth=4, вход от 1 — неотличим от истинного terminal",0.17685091674445366
100000007539296100,terminal,0.5,18,"Конечный узел на границе обхода depth=4, вход от 1 — неотличим от истинного terminal",0.18958093993959768
100000003001138100,terminal,0.5,48,"Конечный узел на границе обхода depth=4, вход от 1 — неотличим от истинного terminal",0.1775725389863825
100000002622822100,terminal,0.5,52,"Конечный узел на границе обхода depth=4, вход от 1 — неотличим от истинного terminal",0.20711151824837468
100000003664994100,terminal,0.5,67,"Конечный узел на границе обхода depth=4, вход от 1 — неотличим от истинного terminal",0.18126487326286217
100000008130868100,terminal,0.5,33,"Конечный узел на границе обхода depth=4, вход от 1 — неотличим от истинного terminal",0.18429120913220398
100000008762843100,terminal,0.5,35,"Конечный узел на границе обхода depth=4, вход от 1 — неотличим от истинного terminal",0.1760683223296526
100000003072205100,terminal,0.5,35,"Конечный узел на границе обхода depth=4, вход от 2 — неотличим от истинного terminal",0.17934987652063883
100000003207060100,terminal,0.5,32,"Конечный узел на границе обхода depth=4, вход от 1 — неотличим от истинного terminal",0.18308228016780612
100000004979264100,terminal,0.5,35,"Конечный узел на границе обхода depth=4, вход от 1 — неотличим от истинного terminal",0.18227851404465273
100000003186579100,terminal,0.5,57,"Конечный узел на границе обхода depth=4, вход от 1 — неотличим от истинного terminal",0.18747232397139227
100000006171671100,terminal,0.5,32,"Конечный узел на границе обхода depth=4, вход от 1 — неотличим от истинного terminal",0.1881670254261909
100000000608031100,terminal,0.5,54,"Конечный узел на границе обхода depth=4, вход от 1 — неотличим от истинного terminal",0.18864591457659316
100000004596284100,terminal,0.5,21,"Конечный узел на границе обхода depth=4, вход от 1 — неотличим от истинного terminal",0.1912904037692452
100000003500764100,terminal,0.5,54,"Конечный узел на границе обхода depth=4, вход от 1 — неотличим от истинного terminal",0.18822337146498136
100000008727982100,terminal,0.5,34,"Конечный узел на границе обхода depth=4, вход от 1 — неотличим от истинного terminal",0.18740564532461848
100000004030553100,terminal,0.5,57,"Конечный узел на границе обхода depth=4, вход от 1 — неотличим от истинного terminal",0.18825528929428634
100000008703533100,terminal,0.5,35,"Конечный узел на границе обхода depth=4, вход от 1 — неотличим от истинного terminal",0.17648176958993358
100000001299828100,terminal,0.5,32,"Конечный узел на границе обхода depth=4, вход от 1 — неотличим от истинного terminal",0.1890775359588911
100000002922000100,terminal,0.5,61,"Конечный узел на границе обхода depth=4, вход от 1 — неотличим от истинного terminal",0.18469739570933041
100000002304943100,terminal,0.5,68,"Конечный узел на границе обхода depth=4, вход от 1 — неотличим от истинного terminal",0.1770244104665945
100000004780327100,terminal,0.5,22,"Конечный узел на границе обхода depth=4, вход от 1 — неотличим от истинного terminal",0.17630485936425164
100000004722630100,terminal,0.5,46,"Конечный узел на границе обхода depth=4, вход от 1 — неотличим от истинного terminal",0.18632177805648192
100000003232675100,terminal,0.5,26,"Конечный узел на границе обхода depth=4, вход от 1 — неотличим от истинного terminal",0.1817614120543745
100000005979037100,terminal,0.5,57,"Конечный узел на границе обхода depth=4, вход от 1 — неотличим от истинного terminal",0.17794879106014647
100000003040087100,terminal,0.5,11,"Конечный узел на границе обхода depth=4, вход от 1 — неотличим от истинного terminal",0.1765267044250987
100000002188586100,terminal,0.5,11,"Конечный узел на границе обхода depth=4, вход от 1 — неотличим от истинного terminal",0.176701078584151
100000004261340100,terminal,0.5,32,"Конечный узел на границе обхода depth=4, вход от 1 — неотличим от истинного terminal",0.17907652837189958
100000004991593100,terminal,0.5,57,"Конечный узел на границе обхода depth=4, вход от 1 — неотличим от истинного terminal",0.1794520955457906
100000008349740100,terminal,0.5,59,"Конечный узел на границе обхода depth=4, вход от 1 — неотличим от истинного terminal",0.17633157407706201
100000002791494100,terminal,0.5,11,"Конечный узел на границе обхода depth=4, вход от 1 — неотличим от истинного terminal",0.1775916791494501
100000007330432100,terminal,0.5,70,"Конечный узел на границе обхода depth=4, вход от 1 — неотличим от истинного terminal",0.18862286429007732
100000005272139100,terminal,0.5,21,"Конечный узел на границе обхода depth=4, вход от 1 — неотличим от истинного terminal",0.19949825331414614
100000008730238100,terminal,0.5,35,"Конечный узел на границе обхода depth=4, вход от 1 — неотличим от истинного terminal",0.18987675254777134
100000004610802100,terminal,0.5,55,"Конечный узел на границе обхода depth=4, вход от 1 — неотличим от истинного terminal",0.18540939066928008
100000000655469100,terminal,0.5,68,"Конечный узел на границе обхода depth=4, вход от 1 — неотличим от истинного terminal",0.17897876392452708
100000000673915100,terminal,0.5,59,"Конечный узел на границе обхода depth=4, вход от 1 — неотличим от истинного terminal",0.17608397346911323
100000001537524100,terminal,0.5,33,"Конечный узел на границе обхода depth=4, вход от 1 — неотличим от истинного terminal",0.17663911467576918
100000004265639100,terminal,0.5,57,"Конечный узел на границе обхода depth=4, вход от 1 — неотличим от истинного terminal",0.18933059771264193
100000002748511100,terminal,0.5,21,"Конечный узел на границе обхода depth=4, вход от 1 — неотличим от истинного terminal",0.19008957170622834
100000008758106100,terminal,0.5,35,"Конечный узел на границе обхода depth=4, вход от 1 — неотличим от истинного terminal",0.17604936676339353
100000004268036100,terminal,0.5,22,"Конечный узел на границе обхода depth=4, вход от 1 — неотличим от истинного terminal",0.17613081196786612
100000003230329100,terminal,0.5,35,"Конечный узел на границе обхода depth=4, вход от 1 — неотличим от истинного terminal",0.17670762345731414
100000007731977100,terminal,0.5,32,"Конечный узел на границе обхода depth=4, вход от 1 — неотличим от истинного terminal",0.17854550706024047
100000007867364100,terminal,0.5,37,"Конечный узел на границе обхода depth=4, вход от 1 — неотличим от истинного terminal",0.18414779411905982
100000001065234100,terminal,0.5,44,"Конечный узел на границе обхода depth=4, вход от 1 — неотличим от истинного terminal",0.1891491782726992
100000003078839100,terminal,0.5,57,"Конечный узел на границе обхода depth=4, вход от 1 — неотличим от истинного terminal",0.17744574982385122
100000008722541100,terminal,0.5,18,"Конечный узел на границе обхода depth=4, вход от 1 — неотличим от истинного terminal",0.18089047116325244
100000005367180100,terminal,0.5,57,"Конечный узел на границе обхода depth=4, вход от 1 — неотличим от истинного terminal",0.20086300512035438
100000008183752100,terminal,0.5,52,"Конечный узел на границе обхода depth=4, вход от 1 — неотличим от истинного terminal",0.1882232324214122
100000002242455100,terminal,0.5,18,"Конечный узел на границе обхода depth=4, вход от 1 — неотличим от истинного terminal",0.18832255446271182
100000005041147100,terminal,0.5,32,"Конечный узел на границе обхода depth=4, вход от 1 — неотличим от истинного terminal",0.18840202071839468
100000005025629100,terminal,0.5,18,"Конечный узел на границе обхода depth=4, вход от 1 — неотличим от истинного terminal",0.1774136439222494
100000004800648100,terminal,0.5,2,"Конечный узел на границе обхода depth=4, вход от 1 — неотличим от истинного terminal",0.17854858312702304
100000002671326100,terminal,0.5,35,"Конечный узел на границе обхода depth=4, вход от 1 — неотличим от истинного terminal",0.19318956782193414
100000002707106100,terminal,0.5,19,"Конечный узел на границе обхода depth=4, вход от 1 — неотличим от истинного terminal",0.17603543025436189
100000001131403100,terminal,0.5,62,"Конечный узел на границе обхода depth=4, вход от 1 — неотличим от истинного terminal",0.18861615634649648
100000003166017100,terminal,0.5,11,"Конечный узел на границе обхода depth=4, вход от 1 — неотличим от истинного terminal",0.176264487644569
100000004449824100,terminal,0.5,22,"Конечный узел на границе обхода depth=4, вход от 1 — неотличим от истинного terminal",0.1762245297966891
100000008648783100,terminal,0.5,22,"Конечный узел на границе обхода depth=4, вход от 1 — неотличим от истинного terminal",0.17612277901110987
100000005567828100,terminal,0.5,11,"Конечный узел на границе обхода depth=4, вход от 1 — неотличим от истинного terminal",0.17774413947755807
100000004377043100,terminal,0.5,48,"Конечный узел на границе обхода depth=4, вход от 1 — неотличим от истинного terminal",0.17988532736068188
100000008699083100,terminal,0.5,33,"Конечный узел на границе обхода depth=4, вход от 1 — неотличим от истинного terminal",0.17702590308901214
100000001498732100,terminal,0.5,35,"Конечный узел на границе обхода depth=4, вход от 1 — неотличим от истинного terminal",0.17617569352045645
100000002971593100,terminal,0.5,18,"Конечный узел на границе обхода depth=4, вход от 1 — неотличим от истинного terminal",0.18823279496489792
100000003133045100,terminal,0.5,35,"Конечный узел на границе обхода depth=4, вход от 1 — неотличим от истинного terminal",0.17835924382108123
100000001378288100,terminal,0.5,57,"Конечный узел на границе обхода depth=4, вход от 1 — неотличим от истинного terminal",0.18788608503167414
100000003370425100,terminal,0.5,26,"Конечный узел на границе обхода depth=4, вход от 1 — неотличим от истинного terminal",0.1941154946614117
100000002726055100,terminal,0.5,68,"Конечный узел на границе обхода depth=4, вход от 1 — неотличим от истинного terminal",0.17870775653256255
100000002860934100,terminal,0.5,48,"Конечный узел на границе обхода depth=4, вход от 1 — неотличим от истинного terminal",0.19078770479135154
100000005146665100,terminal,0.5,62,"Конечный узел на границе обхода depth=4, вход от 1 — неотличим от истинного terminal",0.17602779547864397
100000001222245100,terminal,0.5,18,"Конечный узел на границе обхода depth=4, вход от 1 — неотличим от истинного terminal",0.18917260452531665
100000001325618100,terminal,0.5,22,"Конечный узел на границе обхода depth=4, вход от 1 — неотличим от истинного terminal",0.17623256275344534
100000003568904100,terminal,0.5,26,"Конечный узел на границе обхода depth=4, вход от 1 — неотличим от истинного terminal",0.1883003859091836
100000003125997100,terminal,0.5,35,"Конечный узел на границе обхода depth=4, вход от 1 — неотличим от истинного terminal",0.1891330294299997
100000008074304100,terminal,0.5,18,"Конечный узел на границе обхода depth=4, вход от 1 — неотличим от истинного terminal",0.1783278031069193
100000004673335100,terminal,0.5,64,"Конечный узел на границе обхода depth=4, вход от 1 — неотличим от истинного terminal",0.18641702620804568
100000005293969100,terminal,0.5,32,"Конечный узел на границе обхода depth=4, вход от 1 — неотличим от истинного terminal",0.1882382991838791
100000004041294100,terminal,0.5,47,"Конечный узел на границе обхода depth=4, вход от 1 — неотличим от истинного terminal",0.17674833453249988
100000004674178100,terminal,0.5,47,"Конечный узел на границе обхода depth=4, вход от 1 — неотличим от истинного terminal",0.1768428595642244
100000004655046100,terminal,0.5,11,"Конечный узел на границе обхода depth=4, вход от 1 — неотличим от истинного terminal",0.18959016708939833
100000004502048100,terminal,0.5,37,"Конечный узел на границе обхода depth=4, вход от 1 — неотличим от истинного terminal",0.1786927341077645
100000004691350100,terminal,0.5,46,"Конечный узел на границе обхода depth=4, вход от 1 — неотличим от истинного terminal",0.206079433841448
100000002702968100,terminal,0.5,11,"Конечный узел на границе обхода depth=4, вход от 1 — неотличим от истинного terminal",0.17657540182719708
100000003061115100,terminal,0.5,32,"Конечный узел на границе обхода depth=4, вход от 1 — неотличим от истинного terminal",0.18840911224587692
100000003470579100,terminal,0.5,27,"Конечный узел на границе обхода depth=4, вход от 1 — неотличим от истинного terminal",0.19014177558288917
100000004235471100,terminal,0.5,18,"Конечный узел на границе обхода depth=4, вход от 1 — неотличим от истинного terminal",0.17913799613851994
100000005888829100,terminal,0.5,35,"Конечный узел на границе обхода depth=4, вход от 1 — неотличим от истинного terminal",0.1772803067810251
100000002474570100,terminal,0.5,22,"Конечный узел на границе обхода depth=4, вход от 1 — неотличим от истинного terminal",0.1761642826210172
100000008761132100,terminal,0.5,35,"Конечный узел на границе обхода depth=4, вход от 1 — неотличим от истинного terminal",0.17604936676339353
100000002404112100,terminal,0.5,27,"Конечный узел на границе обхода depth=4, вход от 1 — неотличим от истинного terminal",0.17821083421598183
100000003097947100,terminal,0.5,57,"Конечный узел на границе обхода depth=4, вход от 1 — неотличим от истинного terminal",0.17771022340256468
100000002728246100,terminal,0.5,18,"Конечный узел на границе обхода depth=4, вход от 1 — неотличим от истинного terminal",0.1886460476928332
100000004070530100,terminal,0.5,69,"Конечный узел на границе обхода depth=4, вход от 1 — неотличим от истинного terminal",0.17606508903466678
100000003692843100,terminal,0.5,28,"Конечный узел на границе обхода depth=4, вход от 1 — неотличим от истинного terminal",0.18818854283621805
100000003289281100,terminal,0.5,32,"Конечный узел на границе обхода depth=4, вход от 1 — неотличим от истинного terminal",0.19155204342947596
100000005370558100,terminal,0.5,32,"Конечный узел на границе обхода depth=4, вход от 1 — неотличим от истинного terminal",0.1766705347016493
100000002659103100,terminal,0.5,61,"Конечный узел на границе обхода depth=4, вход от 1 — неотличим от истинного terminal",0.17919288486973645
100000008745676100,terminal,0.5,43,"Конечный узел на границе обхода depth=4, вход от 1 — неотличим от истинного terminal",0.18822996854428378
100000006257675100,terminal,0.5,68,"Конечный узел на границе обхода depth=4, вход от 1 — неотличим от истинного terminal",0.18084093149943564
100000000737152100,terminal,0.5,32,"Конечный узел на границе обхода depth=4, вход от 1 — неотличим от истинного terminal",0.1789325319700935
100000001714883100,terminal,0.5,22,"Конечный узел на границе обхода depth=4, вход от 1 — неотличим от истинного terminal",0.17616829909939533
100000004584730100,terminal,0.5,61,"Конечный узел на границе обхода depth=4, вход от 1 — неотличим от истинного terminal",0.17689771780587749
100000002884708100,terminal,0.5,35,"Конечный узел на границе обхода depth=4, вход от 1 — неотличим от истинного terminal",0.18984370563837047
100000002599729100,terminal,0.5,32,"Конечный узел на границе обхода depth=4, вход от 1 — неотличим от истинного terminal",0.186001522348729
100000000634341100,terminal,0.5,32,"Конечный узел на границе обхода depth=4, вход от 1 — неотличим от истинного terminal",0.18946157466918903
100000000018102100,terminal,0.5,32,"Конечный узел на границе обхода depth=4, вход от 1 — неотличим от истинного terminal",0.177726463196701
100000008778753100,terminal,0.5,47,"Конечный узел на границе обхода depth=4, вход от 1 — неотличим от истинного terminal",0.17641320032911292
100000006527156100,terminal,0.5,56,"Конечный узел на границе обхода depth=4, вход от 1 — неотличим от истинного terminal",0.1765093775553197
100000001669260100,terminal,0.5,57,"Конечный узел на границе обхода depth=4, вход от 1 — неотличим от истинного terminal",0.1897206141850974
100000006490615100,terminal,0.5,26,"Конечный узел на границе обхода depth=4, вход от 1 — неотличим от истинного terminal",0.18144625545653595
100000004291663100,terminal,0.5,32,"Конечный узел на границе обхода depth=4, вход от 1 — неотличим от истинного terminal",0.17726452407712098
100000008629504100,terminal,0.5,32,"Конечный узел на границе обхода depth=4, вход от 1 — неотличим от истинного terminal",0.17680617847530974
100000008525136100,terminal,0.5,32,"Конечный узел на границе обхода depth=4, вход от 1 — неотличим от истинного terminal",0.1761312641864853
100000002723439100,terminal,0.5,30,"Конечный узел на границе обхода depth=4, вход от 1 — неотличим от истинного terminal",0.18934574640406157
100000008770483100,terminal,0.5,66,"Конечный узел на границе обхода depth=4, вход от 1 — неотличим от истинного terminal",0.17614979729628014
100000004066370100,terminal,0.5,58,"Конечный узел на границе обхода depth=4, вход от 1 — неотличим от истинного terminal",0.1911831932937074
100000004981068100,terminal,0.5,57,"Конечный узел на границе обхода depth=4, вход от 1 — неотличим от истинного terminal",0.18065075724097515
100000004006327100,terminal,0.5,35,"Конечный узел на границе обхода depth=4, вход от 1 — неотличим от истинного terminal",0.1894630274176383
100000004035925100,terminal,0.5,71,"Конечный узел на границе обхода depth=4, вход от 1 — неотличим от истинного terminal",0.18483200002068506
100000002713974100,terminal,0.5,57,"Конечный узел на границе обхода depth=4, вход от 1 — неотличим от истинного terminal",0.17820416496297026
100000004850609100,terminal,0.5,32,"Конечный узел на границе обхода depth=4, вход от 1 — неотличим от истинного terminal",0.17735752830929716
100000008050986100,terminal,0.5,18,"Конечный узел на границе обхода depth=4, вход от 1 — неотличим от истинного terminal",0.1772964258075902
100000006288612100,terminal,0.5,2,"Конечный узел на границе обхода depth=4, вход от 1 — неотличим от истинного terminal",0.17658671758123223
100000002231144100,terminal,0.5,68,"Конечный узел на границе обхода depth=4, вход от 1 — неотличим от истинного terminal",0.1800698642518431
100000001202637100,terminal,0.5,11,"Конечный узел на границе обхода depth=4, вход от 1 — неотличим от истинного terminal",0.18915273866719878
100000000456947100,peripheral,0.3,72,Нет ни одной связи в выборке (изолированный узел),0.054288625839764154
100000003265658100,peripheral,0.3,73,Нет ни одной связи в выборке (изолированный узел),0.054288625839764154
100000003349739100,peripheral,0.3,74,Нет ни одной связи в выборке (изолированный узел),0.054288625839764154
100000003770083100,peripheral,0.3,75,Нет ни одной связи в выборке (изолированный узел),0.054288625839764154
100000004021459100,peripheral,0.3,76,Нет ни одной связи в выборке (изолированный узел),0.054288625839764154
100000004174835100,peripheral,0.3,77,Нет ни одной связи в выборке (изолированный узел),0.054288625839764154
100000005017150100,peripheral,0.3,78,Нет ни одной связи в выборке (изолированный узел),0.054288625839764154
100000005087431100,peripheral,0.3,79,Нет ни одной связи в выборке (изолированный узел),0.054288625839764154
100000005235389100,peripheral,0.3,80,Нет ни одной связи в выборке (изолированный узел),0.054288625839764154
100000005480435100,peripheral,0.3,81,Нет ни одной связи в выборке (изолированный узел),0.054288625839764154
100000005495722100,peripheral,0.3,82,Нет ни одной связи в выборке (изолированный узел),0.054288625839764154
100000005550592100,peripheral,0.3,83,Нет ни одной связи в выборке (изолированный узел),0.054288625839764154
100000005560900100,peripheral,0.3,84,Нет ни одной связи в выборке (изолированный узел),0.054288625839764154
100000005568407100,peripheral,0.3,85,Нет ни одной связи в выборке (изолированный узел),0.054288625839764154
100000008117324100,peripheral,0.3,86,Нет ни одной связи в выборке (изолированный узел),0.054288625839764154
100000008205000100,peripheral,0.3,87,Нет ни одной связи в выборке (изолированный узел),0.054288625839764154
100000008513251100,peripheral,0.3,88,Нет ни одной связи в выборке (изолированный узел),0.054288625839764154
100000008669037100,peripheral,0.3,89,Нет ни одной связи в выборке (изолированный узел),0.054288625839764154
100000008701222100,peripheral,0.3,90,Нет ни одной связи в выборке (изолированный узел),0.054288625839764154
